-- phpMyAdmin SQL Dump
-- version 5.2.0
-- https://www.phpmyadmin.net/
--
-- Host: 127.0.0.1
-- Generation Time: Mar 15, 2023 at 02:43 AM
-- Server version: 10.4.27-MariaDB
-- PHP Version: 8.2.0

SET SQL_MODE = "NO_AUTO_VALUE_ON_ZERO";
START TRANSACTION;
SET time_zone = "+00:00";


/*!40101 SET @OLD_CHARACTER_SET_CLIENT=@@CHARACTER_SET_CLIENT */;
/*!40101 SET @OLD_CHARACTER_SET_RESULTS=@@CHARACTER_SET_RESULTS */;
/*!40101 SET @OLD_COLLATION_CONNECTION=@@COLLATION_CONNECTION */;
/*!40101 SET NAMES utf8mb4 */;

--
-- Database: `domez`
--

-- --------------------------------------------------------

--
-- Table structure for table `bookings`
--

CREATE TABLE `bookings` (
  `id` bigint(20) UNSIGNED NOT NULL,
  `type` tinyint(4) NOT NULL DEFAULT 1 COMMENT '1=Dome Bookings,  2=League Bookings',
  `vendor_id` int(11) NOT NULL,
  `dome_id` int(11) DEFAULT NULL,
  `league_id` int(11) DEFAULT NULL,
  `user_id` int(11) NOT NULL,
  `sport_id` int(11) NOT NULL,
  `field_id` varchar(255) NOT NULL,
  `booking_id` varchar(255) NOT NULL,
  `booking_date` date NOT NULL,
  `customer_name` varchar(255) DEFAULT NULL,
  `customer_email` varchar(255) NOT NULL,
  `customer_mobile` varchar(255) DEFAULT NULL,
  `team_name` varchar(255) DEFAULT NULL COMMENT 'For Leagues Booking Only',
  `players` int(11) NOT NULL,
  `slots` text DEFAULT NULL COMMENT 'For Domes Booking Only',
  `start_date` date DEFAULT NULL COMMENT 'For Leagues Booking Only	',
  `end_date` date DEFAULT NULL COMMENT 'For Leagues Booking Only	',
  `start_time` text NOT NULL,
  `end_time` text NOT NULL,
  `total_amount` double(8,2) NOT NULL,
  `paid_amount` double(8,2) NOT NULL DEFAULT 0.00,
  `due_amount` double(8,2) NOT NULL DEFAULT 0.00,
  `payment_mode` int(11) NOT NULL DEFAULT 1 COMMENT '1=online,2=offline',
  `payment_type` int(11) NOT NULL DEFAULT 1 COMMENT '1=Full Amount, 2=Split Amount',
  `payment_status` int(11) NOT NULL DEFAULT 1 COMMENT '1=Complete,2=Partial',
  `booking_status` int(11) NOT NULL DEFAULT 1 COMMENT '1=Confirmed, 2=Pending, 3=Cancelled	',
  `token` text DEFAULT NULL,
  `created_at` timestamp NULL DEFAULT current_timestamp(),
  `updated_at` timestamp NULL DEFAULT current_timestamp()
) ENGINE=InnoDB DEFAULT CHARSET=utf8mb4 COLLATE=utf8mb4_unicode_ci;

--
-- Dumping data for table `bookings`
--

INSERT INTO `bookings` (`id`, `type`, `vendor_id`, `dome_id`, `league_id`, `user_id`, `sport_id`, `field_id`, `booking_id`, `booking_date`, `customer_name`, `customer_email`, `customer_mobile`, `team_name`, `players`, `slots`, `start_date`, `end_date`, `start_time`, `end_time`, `total_amount`, `paid_amount`, `due_amount`, `payment_mode`, `payment_type`, `payment_status`, `booking_status`, `token`, `created_at`, `updated_at`) VALUES
(22, 1, 2, 35, NULL, 9, 6, '3', '554611', '2023-03-14', 'Prof. Geovany Kuhn', 'arno.mayert@example.com', '+14809074204', NULL, 17, '06:30 AM - 07:30 AM', NULL, NULL, '1:41 PM', '11:35 AM', 87.00, 23.00, 26.00, 1, 2, 1, 1, NULL, '2023-02-20 04:57:41', '2023-02-20 04:57:41'),
(23, 1, 2, 37, NULL, 11, 10, '2', '416036', '1975-09-30', 'Ulises Ledner', 'dillan.sporer@example.com', '+1-940-940-5206', NULL, 25, '06:30 AM - 07:30 AM', NULL, NULL, '8:22 AM', '11:30 AM', 85.00, 40.00, 18.00, 2, 1, 2, 2, NULL, '2023-02-20 04:57:41', '2023-02-20 04:57:41'),
(24, 1, 2, 37, NULL, 7, 6, '2', '369746', '2008-01-05', 'Rodrick Dare PhD', 'schiller.kaelyn@example.net', '+1 (925) 464-1416', NULL, 24, '06:30 AM - 07:30 AM', NULL, NULL, '12:27 PM', '1:21 AM', 56.00, 42.00, 20.00, 1, 1, 1, 1, NULL, '2023-02-20 04:57:41', '2023-02-20 04:57:41'),
(25, 1, 2, 39, NULL, 10, 8, '5', '986568', '2007-07-13', 'Isabelle Dietrich', 'alba.heaney@example.net', '424-832-1927', NULL, 14, '06:30 AM - 07:30 AM', NULL, NULL, '9:18 AM', '6:58 AM', 72.00, 20.00, 10.00, 1, 1, 2, 1, NULL, '2023-02-20 04:57:41', '2023-02-20 04:57:41'),
(26, 1, 2, 36, NULL, 7, 8, '4', '166327', '2004-03-08', 'Ward Purdy', 'lamar04@example.net', '620.723.1946', NULL, 15, '06:30 AM - 07:30 AM', NULL, NULL, '3:38 AM', '5:23 PM', 47.00, 34.00, 25.00, 1, 1, 1, 2, NULL, '2023-02-20 04:57:41', '2023-02-20 04:57:41'),
(27, 1, 2, 36, NULL, 8, 9, '1', '457640', '2002-04-11', 'Dr. Lucile Hoppe', 'robin.mayer@example.org', '283-731-3348', NULL, 28, '06:30 AM - 07:30 AM', NULL, NULL, '8:56 AM', '3:47 AM', 61.00, 45.00, 19.00, 1, 1, 2, 2, NULL, '2023-02-20 04:57:41', '2023-02-20 04:57:41'),
(28, 1, 2, 36, NULL, 12, 9, '4', '637257', '2011-04-09', 'Adolphus Howe DVM', 'friesen.ezekiel@example.com', '(657) 566-7750', NULL, 24, '06:30 AM - 07:30 AM', NULL, NULL, '9:44 PM', '8:05 AM', 32.00, 37.00, 29.00, 1, 1, 1, 2, NULL, '2023-02-20 04:57:41', '2023-02-20 04:57:41'),
(29, 1, 2, 36, NULL, 11, 6, '2', '634153', '1974-01-15', 'Kyler O\'Conner', 'ramon76@example.com', '+1 (520) 281-8861', NULL, 14, '06:30 AM - 07:30 AM', NULL, NULL, '7:13 PM', '11:48 PM', 28.00, 25.00, 22.00, 1, 1, 2, 2, NULL, '2023-02-20 04:57:41', '2023-02-20 04:57:41'),
(30, 1, 2, 35, NULL, 9, 8, '5', '642194', '1989-11-13', 'Verona Marks MD', 'deshawn.abshire@example.com', '+1.918.990.4786', NULL, 14, '06:30 AM - 07:30 AM', NULL, NULL, '1:24 AM', '3:56 AM', 74.00, 34.00, 19.00, 1, 2, 1, 1, NULL, '2023-02-20 04:57:41', '2023-02-20 04:57:41'),
(31, 1, 2, 38, NULL, 6, 10, '5', '628792', '1980-08-18', 'Prof. Lindsey Breitenberg II', 'powlowski.kristopher@example.org', '617.771.7490', NULL, 13, '06:30 AM - 07:30 AM', NULL, NULL, '6:10 AM', '12:04 PM', 62.00, 11.00, 10.00, 1, 1, 1, 1, NULL, '2023-02-20 04:57:41', '2023-02-20 04:57:41'),
(32, 2, 2, 37, 2, 10, 7, '5', '811483', '2023-02-21', 'Rupert Mueller', 'beaulah95@example.net', '1-928-475-2913', 'Regular Old Football League', 27, NULL, '2023-03-10', '2023-04-10', '09:00 AM', '05:00 PM', 1848.00, 0.00, 0.00, 1, 1, 1, 1, NULL, '2023-02-21 01:52:13', '2023-02-21 01:52:13'),
(33, 2, 2, 37, 2, 5, 7, '5', '149051', '2023-02-21', 'Dariana Stark', 'veum.aaliyah@example.com', '+1-318-389-1635', 'Regular Old Football League', 28, NULL, '2023-03-10', '2023-04-10', '09:00 AM', '05:00 PM', 1848.00, 0.00, 0.00, 1, 1, 1, 1, NULL, '2023-02-22 00:29:14', '2023-02-22 00:29:14'),
(34, 2, 2, 37, 2, 13, 7, '5', '448414', '2023-02-21', 'Freeda Lynch', 'brandon.zieme@example.net', '+15746485171', 'Regular Old Football League', 19, NULL, '2023-03-10', '2022-04-06', '09:00 AM', '05:00 PM', 1848.00, 0.00, 0.00, 1, 1, 1, 1, NULL, '2023-02-22 00:29:24', '2023-02-22 00:29:24'),
(35, 1, 3, 36, NULL, 7, 7, '3', 'a2d4f6', '2023-03-02', 'Soham', 'domez@gmail.com', '6359478772', NULL, 20, '06:00 AM - 07:00 AM', NULL, NULL, '06:00 AM', '07:00 AM', 1000.00, 0.00, 1000.00, 1, 1, 2, 2, NULL, '2023-02-27 06:05:36', '2023-02-27 06:05:36'),
(36, 1, 3, 36, NULL, 7, 7, '3', 'f3a057', '2023-03-02', 'Soham', 'domez@gmail.com', '6359478772', NULL, 20, '06:00 AM - 07:00 AM', NULL, NULL, '06:00 AM', '07:00 AM', 1000.00, 0.00, 1000.00, 1, 1, 2, 2, NULL, '2023-02-27 06:15:21', '2023-02-27 06:15:21'),
(37, 1, 3, 36, NULL, 7, 7, '3', '97947f', '2023-03-02', 'Soham', 'domez@gmail.com', '6359478772', NULL, 20, '06:00 AM - 07:00 AM', NULL, NULL, '06:00 AM', '07:00 AM', 1000.00, 0.00, 1000.00, 1, 1, 2, 2, NULL, '2023-02-27 06:40:57', '2023-02-27 06:40:57'),
(38, 2, 4, 37, 2, 3, 7, '3', '068afd', '2023-02-28', 'test1', 'dummy@gmail.com', '6359487772', 'Test', 20, NULL, '2023-03-10', '2023-04-10', '09:00 AM', '05:00 PM', 1000.00, 0.00, 1000.00, 1, 1, 2, 2, NULL, '2023-02-27 23:24:26', '2023-02-27 23:24:26'),
(39, 2, 4, 37, 2, 5, 7, '3', '4d7dcf', '2023-03-02', 'test1', 'dummy@gmail.com', '6359487772', 'Test', 20, NULL, '2023-03-10', '2023-04-10', '09:00 AM', '05:00 PM', 1000.00, 0.00, 1000.00, 1, 1, 2, 2, NULL, '2023-02-27 23:25:53', '2023-02-27 23:25:53'),
(40, 2, 4, 37, 2, 4, 7, '3', 'c4e4f5', '2023-03-02', 'test1', 'dummy@gmail.com', '6359487772', 'Test', 20, NULL, '2023-03-10', '2023-04-10', '09:00 AM', '05:00 PM', 1000.00, 0.00, 0.00, 1, 1, 1, 1, NULL, '2023-02-27 23:30:15', '2023-02-27 23:30:15'),
(41, 1, 4, 37, NULL, 3, 7, '3', 'a7ee42', '2023-03-02', 'test1', 'dummy@gmail.com', '6359487772', 'Test', 20, NULL, '2023-03-10', '2023-04-10', '09:00 AM', '05:00 PM', 1000.00, 500.00, 500.00, 1, 2, 2, 2, NULL, '2023-02-27 23:40:59', '2023-02-27 23:40:59'),
(42, 1, 3, 36, NULL, 6, 7, '3', 'b9af50', '2023-03-02', 'test1', 'dummy@gmail.com', '6359487772', NULL, 20, '06:00 AM - 07:00 AM', NULL, NULL, '06:00 AM', '07:00 AM', 1000.00, 500.00, 500.00, 1, 2, 2, 2, NULL, '2023-02-27 23:41:33', '2023-02-27 23:41:33'),
(43, 1, 3, 36, NULL, 3, 7, '3', 'e55606', '2023-04-28', 'test1', 'dummy@gmail.com', '6359487772', NULL, 20, '06:00 AM - 07:00 AM', '2023-03-02', '2023-03-02', '06:00 AM', '07:00 AM', 1000.00, 500.00, 500.00, 1, 2, 2, 2, NULL, '2023-02-28 01:39:02', '2023-02-28 01:39:02'),
(44, 2, 4, 37, 2, 6, 7, '3', '68725f', '2023-02-28', 'test1', 'dummy@gmail.com', '6359487772', 'Test', 20, NULL, '2023-03-10', '2023-04-10', '09:00 AM', '05:00 PM', 1000.00, 500.00, 500.00, 1, 2, 2, 2, NULL, '2023-02-28 01:40:21', '2023-02-28 01:40:21'),
(45, 2, 4, 37, 2, 3, 7, '3', 'e27575', '2023-03-02', 'test1', 'dummy@gmail.com', '6359487772', 'Test', 20, NULL, '2023-03-10', '2023-04-10', '09:00 AM', '05:00 PM', 1000.00, 500.00, 500.00, 1, 2, 2, 2, NULL, '2023-03-02 05:59:51', '2023-03-02 05:59:51'),
(46, 2, 4, 37, 2, 3, 7, '3', '095a8a', '2023-03-02', 'test1', 'dummy@gmail.com', '6359487772', 'Test', 20, NULL, '2023-03-10', '2023-04-10', '09:00 AM', '05:00 PM', 1000.00, 500.00, 500.00, 1, 2, 2, 2, NULL, '2023-03-02 06:04:57', '2023-03-02 06:04:57'),
(47, 2, 4, 37, 2, 3, 7, '3', '625d3e', '2023-03-02', 'test1', 'dummy@gmail.com', '6359487772', 'Test', 20, NULL, '2023-03-10', '2023-04-10', '09:00 AM', '05:00 PM', 1000.00, 500.00, 500.00, 1, 2, 2, 2, NULL, '2023-03-02 06:07:42', '2023-03-02 06:07:42'),
(48, 2, 4, 37, 2, 3, 7, '3', 'ca9d2e', '2023-03-02', 'test1', 'dummy@gmail.com', '6359487772', 'Test', 20, NULL, '2023-03-10', '2023-04-10', '09:00 AM', '05:00 PM', 1000.00, 0.00, 0.00, 1, 1, 1, 1, NULL, '2023-03-02 06:09:39', '2023-03-02 06:09:39'),
(49, 2, 4, 37, 2, 3, 7, '3', '68dfeb', '2023-03-02', 'test1', 'dummy@gmail.com', '6359487772', 'Test', 20, NULL, '2023-03-10', '2023-04-10', '09:00 AM', '05:00 PM', 1000.00, 0.00, 0.00, 1, 1, 1, 1, NULL, '2023-03-02 06:17:21', '2023-03-02 06:17:21'),
(50, 2, 4, 37, 2, 3, 7, '3', '9f8d18', '2023-03-02', 'test1', 'dummy@gmail.com', '6359487772', 'Test', 20, NULL, '2023-03-10', '2023-04-10', '09:00 AM', '05:00 PM', 1000.00, 0.00, 0.00, 1, 1, 1, 1, NULL, '2023-03-02 06:19:00', '2023-03-02 06:19:00'),
(51, 2, 4, 37, 2, 3, 7, '3', '6bb93d', '2023-03-02', 'test1', 'dummy@gmail.com', '6359487772', 'Test', 20, NULL, '2023-03-10', '2023-04-10', '09:00 AM', '05:00 PM', 1000.00, 0.00, 0.00, 1, 1, 1, 1, NULL, '2023-03-02 08:00:26', '2023-03-02 08:00:26'),
(52, 2, 4, 37, 2, 3, 7, '3', 'ae2152', '2023-03-02', 'test1', 'dummy@gmail.com', '6359487772', 'Test', 20, NULL, '2023-03-10', '2023-04-10', '09:00 AM', '05:00 PM', 1000.00, 0.00, 0.00, 1, 1, 1, 1, NULL, '2023-03-02 08:01:36', '2023-03-02 08:01:36'),
(53, 2, 4, 37, 2, 3, 7, '3', 'cbf8b3', '2023-03-02', 'test1', 'dummy@gmail.com', '6359487772', 'Test', 20, NULL, '2023-03-10', '2023-04-10', '09:00 AM', '05:00 PM', 1000.00, 0.00, 0.00, 1, 1, 1, 1, NULL, '2023-03-02 08:02:00', '2023-03-02 08:02:00'),
(54, 2, 4, 37, 2, 3, 7, '3', 'f40253', '2023-03-02', 'test1', 'dummy@gmail.com', '6359487772', 'Test', 20, NULL, '2023-03-10', '2023-04-10', '09:00 AM', '05:00 PM', 1000.00, 0.00, 0.00, 1, 1, 1, 1, NULL, '2023-03-02 08:02:22', '2023-03-02 08:02:22'),
(55, 2, 4, 37, 2, 3, 7, '3', '2ec8c2', '2023-03-02', 'test1', 'dummy@gmail.com', '6359487772', 'Test', 20, NULL, '2023-03-10', '2023-04-10', '09:00 AM', '05:00 PM', 1000.00, 0.00, 0.00, 1, 1, 1, 1, NULL, '2023-03-02 08:02:24', '2023-03-02 08:02:24'),
(58, 2, 4, 37, 2, 3, 7, '3', '8e71af', '2023-03-03', 'test1', 'dummy@gmail.com', '6359487772', 'Test', 20, NULL, '2023-03-10', '2023-04-10', '09:00 AM', '05:00 PM', 1000.00, 500.00, 500.00, 1, 2, 2, 2, 'OSmGJlYvz8q9ycQlovaBz1fLqSAr1ecE', '2023-03-03 04:30:50', '2023-03-03 04:30:50'),
(60, 2, 4, 37, 2, 4, 7, '3', '98e174', '2023-03-28', 'test1', 'dummy@gmail.com', '6359487772', 'Test', 20, NULL, '2023-03-10', '2023-04-10', '09:00 AM', '05:00 PM', 1000.00, 500.00, 500.00, 1, 2, 2, 2, '2y10ZXcjnAZWbEw6RTW1g5ZDseyq3w5fgwhN77paIxESwlQCw2Lt4KMwm', '2023-03-03 04:33:28', '2023-03-03 04:33:28'),
(61, 1, 3, 36, NULL, 3, 7, '2', 'f7f426', '2023-03-03', 'test1', 'dummy@gmail.com', '6359487772', NULL, 20, '06:00 AM - 07:00 AM', '2023-03-04', '2023-03-04', '06:00 AM', '07:00 AM', 1000.00, 500.00, 500.00, 1, 2, 2, 2, '2y10U2bMJMGcDQcstxwcLvK2ureY5t5z2q5XJsa40rjFRXVOfKhEQB1m', '2023-03-03 05:17:30', '2023-03-03 05:17:30'),
(62, 1, 3, 36, NULL, 3, 7, '2', '9f2d55', '2023-03-03', 'test1', 'dummy@gmail.com', '6359487772', NULL, 20, '06:00 AM - 07:00 AM', '2023-03-04', '2023-03-04', '06:00 AM', '07:00 AM', 1000.00, 500.00, 500.00, 1, 2, 2, 2, '2y10vBW3Ja7dD6HgMG9Nf93dcGrlmxXNF1a1TG8t0Y1JS5FhVFSAOlS', '2023-03-03 06:05:06', '2023-03-03 06:05:06');

-- --------------------------------------------------------

--
-- Table structure for table `cms`
--

CREATE TABLE `cms` (
  `id` bigint(20) UNSIGNED NOT NULL,
  `type` int(11) NOT NULL COMMENT '1=Privacy Policy, 2=Terms & Conditions, 3=Refund Policy',
  `content` longtext NOT NULL,
  `created_at` timestamp NULL DEFAULT current_timestamp(),
  `updated_at` timestamp NULL DEFAULT current_timestamp()
) ENGINE=InnoDB DEFAULT CHARSET=utf8mb4 COLLATE=utf8mb4_unicode_ci;

--
-- Dumping data for table `cms`
--

INSERT INTO `cms` (`id`, `type`, `content`, `created_at`, `updated_at`) VALUES
(1, 2, '<h1>Terms &amp; Conditions</h1>\n\n<h2>Agreement to Terms</h2>\n\n<p>These Terms &amp; Conditions constitute a legally binding agreement made between you, whether personally or on behalf of an entity (&ldquo;you&rdquo;) and Most Advanced Booking System For Your Dome (&amp;rd; &ldquo;our,&rdquo; or &ldquo;the company&rdquo;), concerning your access to and use of the Most Advanced Booking System For Your Dome website.</p>\n\n<p>You agree that by accessing or using our website, you have read, understood, and agree to be bound by all of these Terms &amp; Conditions. If you do not agree to all of these Terms &amp; Conditions, then you are prohibited from using the website and you must discontinue use immediately.</p>\n\n<h2>Modification of Terms</h2>\n\n<p>We reserve the right, at our sole discretion, to modify or replace these Terms &amp; Conditions at any time. If a revision is material, we will provide at least 30 days&rsquo; notice prior to any new terms taking effect. What constitutes a material change will be determined at our sole discretion.</p>\n\n<h2>Accuracy of Information</h2>\n\n<p>We do not warrant the accuracy, completeness, or usefulness of any information on our website. Any reliance you place on such information is strictly at your own risk. We disclaim all liability and responsibility arising from any reliance placed on such materials by you or any other visitor to our website, or by anyone who may be informed of any of its contents.</p>\n\n<h2>Intellectual Property</h2>\n\n<p>The website and its original content, features, and functionality are owned by Most Advanced Booking System For Your Dome and are protected by international copyright, trademark, patent, trade secret, and other intellectual property or proprietary rights laws.</p>\n\n<h2>Limitation of Liability</h2>\n\n<p>In no event shall Most Advanced Booking System For Your Dome, its directors, employees, partners, agents, suppliers, or affiliates, be liable for any indirect, incidental, special, consequential, or punitive damages, including without limitation, loss of profits, data, use, goodwill, or other intangible losses, resulting from (i) your access to or use of or inability to access or use the website; (ii) any conduct or content of any third party on the website; (iii) any content obtained from the website; and (iv) unauthorized access, use or alteration of your transmissions or content, whether based on warranty, contract, tort (including negligence) or any other legal theory, whether or not we have been informed of the possibility of such damage, and even if a remedy set forth herein is found to have failed of its essential purpose.</p>\n\n<h2>Indemnification</h2>\n\n<p>You agree to indemnify and hold Most Advanced Booking System For Your Dome, its directors, employees, partners, agents, suppliers, and affiliates, harmless from any claim or demand, including reasonable attorneys&rsquo; fees, made by any third-party due to or arising out of your breach of these Terms &amp; Conditions or your violation of any law or the rights of a third-party.</p>\n\n<h2>Governing Law</h2>\n\n<p>These Terms &amp; Conditions shall be governed and construed in accordance with the laws of the state of California, without regard to its conflict of law provisions.</p>\n\n<h2>Contacting Us</h2>\n\n<p>If you have any questions or comments about these Terms &amp; Conditions or our practices, please contact us at info@mostadvancedbooking.com.</p>\n\n<h2>Effective DateThese Terms &amp; Conditions are of January 1, 2022.</h2>', '2023-03-10 04:36:27', '2023-03-10 04:38:11'),
(2, 1, '<h1>Privacy Policy</h1>\n\n<p>We at Most Advanced Booking System For Your Dome take your privacy seriously. This Privacy Policy outlines our practices for collecting, using, maintaining, protecting, and disclosing your information when you use our website.</p>\n\n<p>Please read this Privacy Policy carefully to understand our policies and practices regarding your information and how we will treat it. By accessing or using our website, you agree to this Privacy Policy. This Privacy Policy may change from time to time. Your continued use of our website after we make changes is deemed to be acceptance of those changes, so please check this Privacy Policy periodically for updates.</p>\n\n<h2>Information We Collect</h2>\n\n<p>We may collect personal information from you, such as your name, email address, and phone number, when you use our website. We may also collect non-personal information, such as your IP address and browser type, when you use our website.</p>\n\n<h2>How We Use Your Information</h2>\n\n<p>We may use your personal information to contact you, respond to your inquiries, and provide you with information about our services. We may also use your non-personal information to improve our website and customize your user experience.</p>\n\n<h2>How We Protect Your Information</h2>\n\n<p>We take reasonable measures to protect your information from unauthorized access, use, or disclosure. However, no method of transmission over the Internet or electronic storage is completely secure, so we cannot guarantee absolute security.</p>\n\n<h2>Disclosure of Your Information</h2>\n\n<p>We may disclose your information to third-party service providers who assist us in operating our website or providing our services. We may also disclose your information required by or we that disclosure is necessary to protect our rights, your safety, or the safety of others.</p>\n\n<h2>Links to Other Websites</h2>\n\n<p>Our website may contain links to other websites that are not owned or operated by us. We are not responsible for the privacy practices or content of these websites. We encourage you to read the privacy policies of these websites.</p>\n\n<h2>Contacting Us</h2>\n\n<p>If you have any questions or comments about this Privacy Policy or our practices, please contact us at info@mostadvancedbooking.com.</p>\n\n<h2>Effective Date</h2>\n\n<p>This Privacy Policy is effective as of January 1, 2022.</p>', '2023-03-10 04:37:12', '2023-03-10 04:37:59');

-- --------------------------------------------------------

--
-- Table structure for table `domes`
--

CREATE TABLE `domes` (
  `id` bigint(20) UNSIGNED NOT NULL,
  `vendor_id` int(11) NOT NULL,
  `sport_id` varchar(255) NOT NULL,
  `name` varchar(255) NOT NULL,
  `price` double(8,2) DEFAULT NULL,
  `hst` double(8,2) NOT NULL COMMENT 'tax(GST)',
  `address` text NOT NULL,
  `pin_code` varchar(255) DEFAULT NULL,
  `city` varchar(255) DEFAULT NULL,
  `state` varchar(255) DEFAULT NULL,
  `country` varchar(255) DEFAULT NULL,
  `start_time` varchar(255) NOT NULL,
  `end_time` varchar(255) NOT NULL,
  `description` text NOT NULL,
  `lat` varchar(255) NOT NULL,
  `lng` varchar(255) NOT NULL,
  `benefits` varchar(255) NOT NULL,
  `benefits_description` text NOT NULL,
  `is_deleted` tinyint(4) NOT NULL DEFAULT 2 COMMENT '1=yes,2=no',
  `created_at` timestamp NULL DEFAULT NULL,
  `updated_at` timestamp NULL DEFAULT NULL
) ENGINE=InnoDB DEFAULT CHARSET=utf8mb4 COLLATE=utf8mb4_unicode_ci;

--
-- Dumping data for table `domes`
--

INSERT INTO `domes` (`id`, `vendor_id`, `sport_id`, `name`, `price`, `hst`, `address`, `pin_code`, `city`, `state`, `country`, `start_time`, `end_time`, `description`, `lat`, `lng`, `benefits`, `benefits_description`, `is_deleted`, `created_at`, `updated_at`) VALUES
(35, 2, '6,7,10', 'Kinnara', 58.00, 5.00, 'Costen Tax Solutions, Inc, Birdneck Road North, Virginia Beach, VA, USA', '23451', 'Summerside', 'Prince Edward Island', 'Canada', '6:00 AM', '5:00 PM', 'DESCRIPTION', '28.5156729', '-81.4824233', 'Free Wifi|Changing Room|Parking|Pool', 'benefits-DESCRIPTION', 2, '2023-02-20 03:57:09', '2023-02-21 05:03:45'),
(36, 3, '7', 'Shott', 90.00, 5.00, '511 Notre Dame St, Summerside, PE, Canada', 'C1N 1T2', 'Summerside', 'Prince Edward Island', 'Canada', '12:00 PM', '7:00 AM', 'DESCRIPTION', '46.3981555', '-63.80031419999999', 'Changing Room', 'benefits-DESCRIPTION', 2, '2023-02-20 03:57:09', '2023-02-21 05:03:55'),
(37, 4, '8,9', 'geonardo', 80.00, 5.00, '511 Notre Dame St, Summerside, PE, Canada', 'C1N 1T2', 'Summerside', 'Prince Edward Island', 'Canada', '3:00 PM', '12:00 AM', 'DESCRIPTION', '46.3981555', '-63.80031419999999', 'Changing Room|Parking', 'benefits-DESCRIPTION', 2, '2023-02-20 03:57:09', '2023-02-21 05:04:05'),
(38, 5, '9,10', 'Shivakar', 85.00, 5.00, '511 Notre Dame St, Summerside, PE, Canada', 'C1N 1T2', 'Summerside', 'Prince Edward Island', 'Canada', '8:00 PM', '10:00 PM', 'DESCRIPTION', '46.3981555', '-63.80031419999999', 'Free Wifi|Changing Room', 'benefits-DESCRIPTION', 2, '2023-02-20 03:57:09', '2023-02-21 05:04:16'),
(39, 6, '7,8,10', 'Rockria', 64.00, 5.00, '511 Notre Dame St, Summerside, PE, Canada', 'C1N 1T2', 'Summerside', 'Prince Edward Island', 'Canada', '10:00 PM', '12:00 PM', 'DESCRIPTION', '46.3981555', '-63.80031419999999', 'Free Wifi|Changing Room|Parking', 'benefits-DESCRIPTION', 2, '2023-02-20 03:57:09', '2023-02-21 05:04:29'),
(40, 7, '6', 'Geodesic Dome Playground', 76.00, 5.00, 'Summerside Bowling Alleys, 511 Notre Dame St, Summerside, PE, Canada', 'C1N 1T2', 'Summerside', 'Prince Edward Island', 'Canada', '11:00 PM', '11:00 PM', 'DESCRIPTION', '46.39860830000001', '-63.8004099', 'Parking', 'benefits-DESCRIPTION', 2, '2023-02-20 04:57:41', '2023-02-20 05:06:24'),
(41, 8, '7,8,10', 'Geodesic Dome Playground', 57.00, 5.00, 'Summerside Car Rental, Inside Credit Union Place Building, 511 Notre Dame St, Summerside, PE, Canada', 'C1N 1T2', 'Summerside', 'Prince Edward Island', 'Canada', '5:00 AM', '6:00 PM', 'DESCRIPTION', '46.3981555', '-63.80031409999999', 'Free Wifi|Changing Room', 'benefits-DESCRIPTION', 2, '2023-02-20 04:57:41', '2023-02-20 05:06:44'),
(42, 9, '7,8,10', 'Shrinkle ground', 70.00, 5.00, 'Summerside Solar, 511 Notre Dame St, Summerside, PE, Canada', 'C1N 1T2', 'Summerside', 'Prince Edward Island', 'Canada', '1:00 AM', '4:00 PM', 'DESCRIPTION', '46.3993871', '-63.8010478', 'Changing Room', 'benefits-DESCRIPTION', 2, '2023-02-20 04:57:41', '2023-02-21 05:04:45'),
(43, 10, '6,8', 'Geodesic Dome Playground', 97.00, 5.00, '511 Notre Dame St, Summerside, PE, Canada', 'C1N 1T2', 'Summerside', 'Prince Edward Island', 'Canada', '10:00 AM', '9:00 PM', 'DESCRIPTION', '46.3981555', '-63.80031419999999', 'Changing Room|Parking', 'benefits-DESCRIPTION', 2, '2023-02-20 04:57:41', '2023-02-20 05:07:15'),
(44, 11, '9,10', 'Geodesic Dome Playground', 68.00, 5.00, 'Summerside Bowling Alleys, 511 Notre Dame St, Summerside, PE, Canada', 'C1N 1T2', 'Summerside', 'Prince Edward Island', 'Canada', '5:00 AM', '2:00 PM', 'DESCRIPTION', '46.39860830000001', '-63.8004099', 'Free Wifi|Changing Room', 'benefits-DESCRIPTION', 2, '2023-02-20 04:57:41', '2023-02-20 05:10:13'),
(45, 2, '8,9', 'Lorem Ipsum', 80.00, 5.00, 'Costen Tax Solutions, Inc, Birdneck Road North, Virginia Beach, VA, USA', '23451', 'Summerside', 'Prince Edward Island', 'Canada', '6:00 AM', '5:00 PM', 'DESCRIPTION', '28.5156729', '-81.4824233', 'Free Wifi|Changing Room|Parking', 'benefits-DESCRIPTION', 1, '2023-02-20 03:57:09', '2023-03-06 23:48:03'),
(47, 2, '6,8,9', 'Jakarta Dome', 0.00, 0.00, 'Ca침ada de G칩mez, Santa Fe Province, Argentina', 'S2500', 'Ca침ada de G칩mez', 'Santa Fe Province', 'Argentina', '01:00 AM', '10:00 PM', 'Lorem Is Dummy text to ipsum the world to test .Lorem Is Dummy text to ipsum the world to test .Lore', '-32.8211646', '-61.3953734', 'Free Wifi|Changing Room|Parking|Pool', 'Lorem Ipsum Is Dummy Test To type setting the industry. Lorem Ipsum Is Dummy Test To type setting the industry. Lorem Ipsum Is Dummy Test To type setting the industry. Lorem Ipsum Is Dummy Test To type setting the industry. Lorem Ipsum Is Dummy Test To type setting the industry.', 2, '2023-03-12 07:28:43', '2023-03-12 07:28:43');

-- --------------------------------------------------------

--
-- Table structure for table `dome_images`
--

CREATE TABLE `dome_images` (
  `id` bigint(20) UNSIGNED NOT NULL,
  `vendor_id` int(11) NOT NULL,
  `dome_id` int(11) DEFAULT NULL,
  `league_id` int(11) DEFAULT NULL,
  `images` varchar(255) NOT NULL,
  `created_at` timestamp NULL DEFAULT current_timestamp(),
  `updated_at` timestamp NULL DEFAULT current_timestamp()
) ENGINE=InnoDB DEFAULT CHARSET=utf8mb4 COLLATE=utf8mb4_unicode_ci;

--
-- Dumping data for table `dome_images`
--

INSERT INTO `dome_images` (`id`, `vendor_id`, `dome_id`, `league_id`, `images`, `created_at`, `updated_at`) VALUES
(17, 1, 35, NULL, 'dome-63f33f137daf5.png', '2023-02-20 04:06:19', '2023-02-20 04:06:19'),
(18, 1, 36, NULL, 'dome-63f34ce3141b4.jpg', '2023-02-20 05:05:15', '2023-02-20 05:05:15'),
(19, 1, 36, NULL, 'dome-63f34ce315178.png', '2023-02-20 05:05:15', '2023-02-20 05:05:15'),
(20, 1, 38, NULL, 'dome-63f34cfddbb9b.jpg', '2023-02-20 05:05:41', '2023-02-20 05:05:41'),
(21, 1, 38, NULL, 'dome-63f34cfddc864.png', '2023-02-20 05:05:41', '2023-02-20 05:05:41'),
(22, 1, 37, NULL, 'dome-63f34d071a031.jpg', '2023-02-20 05:05:51', '2023-02-20 05:05:51'),
(23, 1, 37, NULL, 'dome-63f34d071c65b.png', '2023-02-20 05:05:51', '2023-02-20 05:05:51'),
(24, 1, 39, NULL, 'dome-63f34d19b1030.jpg', '2023-02-20 05:06:09', '2023-02-20 05:06:09'),
(25, 1, 39, NULL, 'dome-63f34d19b1b0f.png', '2023-02-20 05:06:09', '2023-02-20 05:06:09'),
(26, 1, 40, NULL, 'dome-63f34d28721ba.jpg', '2023-02-20 05:06:24', '2023-02-20 05:06:24'),
(27, 1, 40, NULL, 'dome-63f34d2872c25.png', '2023-02-20 05:06:24', '2023-02-20 05:06:24'),
(28, 1, 41, NULL, 'dome-63f34d3c32120.jpg', '2023-02-20 05:06:44', '2023-02-20 05:06:44'),
(29, 1, 41, NULL, 'dome-63f34d3c32dad.png', '2023-02-20 05:06:44', '2023-02-20 05:06:44'),
(30, 1, 43, NULL, 'dome-63f34d5bc9946.jpg', '2023-02-20 05:07:15', '2023-02-20 05:07:15'),
(31, 1, 43, NULL, 'dome-63f34d5bca5e8.png', '2023-02-20 05:07:15', '2023-02-20 05:07:15'),
(32, 1, 44, NULL, 'dome-63f34e0d03fad.jpg', '2023-02-20 05:10:13', '2023-02-20 05:10:13'),
(33, 1, 44, NULL, 'dome-63f34e0d04c53.png', '2023-02-20 05:10:13', '2023-02-20 05:10:13'),
(34, 1, NULL, 4, 'dome-63f34d19b1b0f.png', '2023-02-20 05:06:09', '2023-02-20 05:06:09'),
(35, 1, NULL, 5, 'dome-63f34d3c32dad.png', '2023-02-20 05:06:44', '2023-02-20 05:06:44'),
(36, 1, NULL, 2, 'dome-63f34e0d03fad.jpg', '2023-02-20 05:10:13', '2023-02-20 05:10:13'),
(37, 2, NULL, 21, 'league-64048d5489032.jpg', '2023-03-05 07:08:44', '2023-03-05 07:08:44'),
(38, 2, 46, NULL, 'dome-640dcc47a76f9.jpg', '2023-03-12 07:27:43', '2023-03-12 07:27:43'),
(39, 2, 47, NULL, 'dome-640dcc83b231c.jpg', '2023-03-12 07:28:43', '2023-03-12 07:28:43');

-- --------------------------------------------------------

--
-- Table structure for table `enquiries`
--

CREATE TABLE `enquiries` (
  `id` bigint(20) UNSIGNED NOT NULL,
  `vendor_id` int(11) DEFAULT NULL,
  `type` tinyint(1) NOT NULL DEFAULT 1 COMMENT '1=HelpCenter[Mobile App], 2=HelpCenter[Web], 3=DomesRequest[Web], 4=DomesRequest[Mobile App], 5=Supports[DomeOwner-AdminPanel]',
  `dome_name` varchar(255) DEFAULT NULL,
  `dome_zipcode` varchar(255) DEFAULT NULL,
  `dome_city` varchar(255) DEFAULT NULL,
  `dome_state` varchar(255) DEFAULT NULL,
  `dome_country` varchar(255) DEFAULT NULL,
  `venue_name` varchar(255) DEFAULT NULL,
  `venue_address` varchar(255) DEFAULT NULL,
  `name` varchar(255) DEFAULT NULL,
  `email` varchar(255) NOT NULL,
  `phone` varchar(255) DEFAULT NULL,
  `subject` varchar(255) DEFAULT NULL,
  `message` varchar(255) DEFAULT NULL,
  `is_replied` tinyint(1) NOT NULL DEFAULT 2 COMMENT '1=Yes, 2=No',
  `is_accepted` tinyint(1) NOT NULL DEFAULT 2 COMMENT '1=Yes, 2=No',
  `is_deleted` tinyint(1) NOT NULL DEFAULT 2 COMMENT '1=Yes, 2=No',
  `created_at` timestamp NOT NULL DEFAULT current_timestamp(),
  `updated_at` timestamp NOT NULL DEFAULT current_timestamp()
) ENGINE=InnoDB DEFAULT CHARSET=utf8mb4 COLLATE=utf8mb4_unicode_ci;

--
-- Dumping data for table `enquiries`
--

INSERT INTO `enquiries` (`id`, `vendor_id`, `type`, `dome_name`, `dome_zipcode`, `dome_city`, `dome_state`, `dome_country`, `venue_name`, `venue_address`, `name`, `email`, `phone`, `subject`, `message`, `is_replied`, `is_accepted`, `is_deleted`, `created_at`, `updated_at`) VALUES
(1, 2, 5, NULL, NULL, NULL, NULL, NULL, NULL, NULL, 'domez', 'domez@yopmail.com', '1234657890', 'Test', 'TestTestTestTestTest', 1, 2, 2, '2023-03-10 04:02:23', '2023-03-10 04:10:09'),
(2, NULL, 3, 'Domez', '365490', 'Surat', 'Gujarat', 'india', NULL, NULL, 'dhrutish', 'dhrutish@yopmail.com', '0123456789', NULL, NULL, 1, 1, 2, '2023-03-10 06:27:18', '2023-03-10 06:32:16'),
(3, NULL, 2, NULL, NULL, NULL, NULL, NULL, NULL, NULL, 'dhrutish', 'dhrutish@yopmail.com', NULL, 'test', 'test', 2, 2, 2, '2023-03-10 06:52:56', '2023-03-10 06:52:56'),
(4, 2, 5, NULL, NULL, NULL, NULL, NULL, NULL, NULL, 'domez', 'domez@yopmail.com', '1234657890', 'Test', 'test', 2, 2, 2, '2023-03-10 07:06:29', '2023-03-10 07:06:29');

-- --------------------------------------------------------

--
-- Table structure for table `failed_jobs`
--

CREATE TABLE `failed_jobs` (
  `id` bigint(20) UNSIGNED NOT NULL,
  `uuid` varchar(255) NOT NULL,
  `connection` text NOT NULL,
  `queue` text NOT NULL,
  `payload` longtext NOT NULL,
  `exception` longtext NOT NULL,
  `failed_at` timestamp NOT NULL DEFAULT current_timestamp()
) ENGINE=InnoDB DEFAULT CHARSET=utf8mb4 COLLATE=utf8mb4_unicode_ci;

-- --------------------------------------------------------

--
-- Table structure for table `favourites`
--

CREATE TABLE `favourites` (
  `id` bigint(20) UNSIGNED NOT NULL,
  `user_id` int(11) NOT NULL,
  `dome_id` int(11) DEFAULT NULL,
  `league_id` int(11) DEFAULT NULL,
  `created_at` timestamp NULL DEFAULT current_timestamp(),
  `updated_at` timestamp NULL DEFAULT current_timestamp()
) ENGINE=InnoDB DEFAULT CHARSET=utf8mb4 COLLATE=utf8mb4_unicode_ci;

--
-- Dumping data for table `favourites`
--

INSERT INTO `favourites` (`id`, `user_id`, `dome_id`, `league_id`, `created_at`, `updated_at`) VALUES
(1, 5, NULL, 4, '2023-02-22 00:38:11', '2023-02-22 00:38:11'),
(2, 5, NULL, 1, '2023-02-22 00:38:11', '2023-02-22 00:38:11'),
(3, 6, NULL, 5, '2023-02-22 00:38:11', '2023-02-22 00:38:11'),
(4, 9, NULL, 2, '2023-02-22 00:38:11', '2023-02-22 00:38:11'),
(5, 13, NULL, 1, '2023-02-22 00:38:11', '2023-02-22 00:38:11'),
(6, 9, NULL, 4, '2023-02-22 00:38:11', '2023-02-22 00:38:11'),
(7, 6, NULL, 5, '2023-02-22 00:38:11', '2023-02-22 00:38:11'),
(8, 6, NULL, 2, '2023-02-22 00:38:11', '2023-02-22 00:38:11'),
(9, 7, NULL, 2, '2023-02-22 00:38:11', '2023-02-22 00:38:11'),
(10, 9, NULL, 3, '2023-02-22 00:38:11', '2023-02-22 00:38:11'),
(11, 12, 40, NULL, '2023-02-22 00:38:18', '2023-02-22 00:38:18'),
(12, 8, 40, NULL, '2023-02-22 00:38:18', '2023-02-22 00:38:18'),
(13, 8, 40, NULL, '2023-02-22 00:38:18', '2023-02-22 00:38:18'),
(15, 7, 36, NULL, '2023-02-22 00:38:18', '2023-02-22 00:38:18'),
(16, 3, 36, NULL, '2023-02-22 00:38:18', '2023-02-22 00:38:18'),
(17, 9, 39, NULL, '2023-02-22 00:38:18', '2023-02-22 00:38:18'),
(18, 9, 40, NULL, '2023-02-22 00:38:18', '2023-02-22 00:38:18'),
(19, 11, 36, NULL, '2023-02-22 00:38:18', '2023-02-22 00:38:18'),
(20, 10, 40, NULL, '2023-02-22 00:38:18', '2023-02-22 00:38:18'),
(25, 3, 35, NULL, '2023-02-23 01:05:07', '2023-02-23 01:05:07'),
(30, 9, 35, NULL, '2023-02-23 01:42:17', '2023-02-23 01:42:17'),
(57, 4, NULL, 38, '2023-02-24 03:44:45', '2023-02-24 03:44:45'),
(68, 4, NULL, 36, '2023-02-28 04:17:31', '2023-02-28 04:17:31'),
(69, 4, NULL, 35, '2023-02-28 04:17:33', '2023-02-28 04:17:33'),
(71, 16, 38, NULL, '2023-02-28 04:29:34', '2023-02-28 04:29:34'),
(82, 4, NULL, 2, '2023-03-01 02:41:00', '2023-03-01 02:41:00'),
(83, 4, NULL, 2, '2023-03-01 02:41:00', '2023-03-01 02:41:00'),
(96, 16, 36, NULL, '2023-03-03 01:34:32', '2023-03-03 01:34:32'),
(97, 16, 35, NULL, '2023-03-03 01:34:43', '2023-03-03 01:34:43'),
(98, 16, NULL, 38, '2023-03-03 01:44:12', '2023-03-03 01:44:12');

-- --------------------------------------------------------

--
-- Table structure for table `fields`
--

CREATE TABLE `fields` (
  `id` bigint(20) UNSIGNED NOT NULL,
  `vendor_id` int(11) NOT NULL,
  `dome_id` int(11) NOT NULL,
  `sport_id` varchar(255) NOT NULL,
  `name` varchar(255) NOT NULL,
  `area` double(8,2) NOT NULL DEFAULT 0.00,
  `min_person` int(11) NOT NULL,
  `max_person` int(11) NOT NULL,
  `image` varchar(255) NOT NULL,
  `is_available` tinyint(4) NOT NULL DEFAULT 1 COMMENT '1=yes,2=no',
  `is_deleted` tinyint(4) NOT NULL DEFAULT 2 COMMENT '1=yes,2=no',
  `created_at` timestamp NULL DEFAULT current_timestamp(),
  `updated_at` timestamp NULL DEFAULT current_timestamp()
) ENGINE=InnoDB DEFAULT CHARSET=utf8mb4 COLLATE=utf8mb4_unicode_ci;

--
-- Dumping data for table `fields`
--

INSERT INTO `fields` (`id`, `vendor_id`, `dome_id`, `sport_id`, `name`, `area`, `min_person`, `max_person`, `image`, `is_available`, `is_deleted`, `created_at`, `updated_at`) VALUES
(1, 2, 38, '8', '2', 491.00, 8, 20, 'field-1135.jpg', 1, 2, '2023-02-20 05:57:52', '2023-02-20 05:57:52'),
(2, 2, 35, '6', '2', 452.00, 5, 30, 'field-1135.jpg', 1, 2, '2023-02-20 05:57:52', '2023-02-20 05:57:52'),
(3, 2, 36, '7', '2', 129.00, 6, 19, 'field-1135.jpg', 1, 2, '2023-02-20 05:57:52', '2023-02-20 05:57:52'),
(4, 2, 39, '8', '2', 401.00, 6, 18, 'field-1135.jpg', 1, 2, '2023-02-20 05:57:52', '2023-02-20 05:57:52'),
(5, 2, 38, '10', '2', 439.00, 6, 29, 'field-1135.jpg', 1, 2, '2023-02-20 05:57:52', '2023-02-20 05:57:52'),
(6, 2, 36, '7', '2', 199.00, 6, 19, 'field-1135.jpg', 1, 2, '2023-02-20 05:57:52', '2023-02-20 05:57:52'),
(7, 2, 38, '8', '2', 491.00, 8, 20, 'field-1135.jpg', 1, 2, '2023-02-20 05:57:52', '2023-02-20 05:57:52'),
(8, 2, 35, '6', '2', 452.00, 5, 30, 'field-1135.jpg', 1, 2, '2023-02-20 05:57:52', '2023-02-20 05:57:52'),
(9, 2, 36, '7', '2', 129.00, 6, 19, 'field-1135.jpg', 1, 2, '2023-02-20 05:57:52', '2023-02-20 05:57:52'),
(10, 2, 39, '8', '2', 401.00, 6, 18, 'field-1135.jpg', 1, 2, '2023-02-20 05:57:52', '2023-02-20 05:57:52'),
(11, 2, 38, '10', '2', 439.00, 6, 29, 'field-1135.jpg', 1, 2, '2023-02-20 05:57:52', '2023-02-20 05:57:52'),
(12, 2, 36, '7', '2', 199.00, 6, 19, 'field-1135.jpg', 1, 2, '2023-02-20 05:57:52', '2023-02-20 05:57:52'),
(13, 2, 38, '8', '2', 491.00, 8, 20, 'field-1135.jpg', 1, 2, '2023-02-20 05:57:52', '2023-02-20 05:57:52'),
(14, 2, 35, '6', '2', 452.00, 5, 30, 'field-1135.jpg', 1, 2, '2023-02-20 05:57:52', '2023-02-20 05:57:52'),
(15, 2, 36, '7', '2', 129.00, 6, 19, 'field-1135.jpg', 1, 2, '2023-02-20 05:57:52', '2023-02-20 05:57:52'),
(16, 2, 39, '8', '2', 401.00, 6, 18, 'field-1135.jpg', 1, 2, '2023-02-20 05:57:52', '2023-02-20 05:57:52'),
(17, 2, 38, '10', '2', 439.00, 6, 29, 'field-1135.jpg', 1, 2, '2023-02-20 05:57:52', '2023-02-20 05:57:52'),
(18, 2, 36, '7', '2', 199.00, 6, 19, 'field-1135.jpg', 1, 2, '2023-02-20 05:57:52', '2023-02-20 05:57:52'),
(19, 2, 38, '8', '2', 491.00, 8, 20, 'field-1135.jpg', 1, 2, '2023-02-20 05:57:52', '2023-02-20 05:57:52'),
(20, 2, 35, '6', '2', 452.00, 5, 30, 'field-1135.jpg', 1, 2, '2023-02-20 05:57:52', '2023-02-20 05:57:52'),
(21, 2, 36, '7', '2', 129.00, 6, 19, 'field-1135.jpg', 1, 2, '2023-02-20 05:57:52', '2023-02-20 05:57:52'),
(22, 2, 39, '8', '2', 401.00, 6, 18, 'field-1135.jpg', 1, 2, '2023-02-20 05:57:52', '2023-02-20 05:57:52'),
(23, 2, 38, '10', '2', 439.00, 6, 29, 'field-1135.jpg', 1, 2, '2023-02-20 05:57:52', '2023-02-20 05:57:52'),
(24, 2, 36, '7', '2', 199.00, 6, 19, 'field-1135.jpg', 1, 2, '2023-02-20 05:57:52', '2023-02-20 05:57:52');

-- --------------------------------------------------------

--
-- Table structure for table `leagues`
--

CREATE TABLE `leagues` (
  `id` bigint(20) UNSIGNED NOT NULL,
  `vendor_id` int(11) NOT NULL,
  `dome_id` int(11) NOT NULL,
  `field_id` varchar(255) NOT NULL,
  `sport_id` int(11) NOT NULL,
  `name` varchar(255) NOT NULL,
  `start_date` date NOT NULL,
  `end_date` date NOT NULL,
  `start_time` varchar(255) NOT NULL,
  `end_time` varchar(255) NOT NULL,
  `from_age` int(11) NOT NULL,
  `to_age` int(11) NOT NULL,
  `gender` tinyint(4) NOT NULL DEFAULT 1 COMMENT '1=Men, 2=Women, 3=Other',
  `min_player` int(11) NOT NULL,
  `max_player` int(11) NOT NULL,
  `team_limit` int(11) NOT NULL,
  `price` int(11) NOT NULL,
  `is_deleted` tinyint(4) NOT NULL DEFAULT 2 COMMENT '1=yes,2=no',
  `created_at` timestamp NOT NULL DEFAULT current_timestamp(),
  `updated_at` timestamp NOT NULL DEFAULT current_timestamp()
) ENGINE=InnoDB DEFAULT CHARSET=utf8mb4 COLLATE=utf8mb4_unicode_ci;

--
-- Dumping data for table `leagues`
--

INSERT INTO `leagues` (`id`, `vendor_id`, `dome_id`, `field_id`, `sport_id`, `name`, `start_date`, `end_date`, `start_time`, `end_time`, `from_age`, `to_age`, `gender`, `min_player`, `max_player`, `team_limit`, `price`, `is_deleted`, `created_at`, `updated_at`) VALUES
(1, 2, 35, '2|3', 7, 'Regular Old Football League', '2023-03-10', '2023-04-10', '09:00 AM', '05:00 PM', 16, 28, 1, 12, 17, 13, 1489, 2, '2023-02-20 06:56:50', '2023-02-20 06:56:50'),
(2, 2, 37, '5', 7, 'Regular Old Football League', '2023-03-10', '2023-04-10', '09:00 AM', '05:00 PM', 20, 30, 1, 12, 16, 13, 1848, 2, '2023-02-20 06:56:50', '2023-02-20 06:56:50'),
(3, 2, 37, '4', 7, 'Regular Old Football League', '2023-03-10', '2023-04-10', '09:00 AM', '05:00 PM', 13, 24, 2, 13, 24, 14, 1976, 2, '2023-02-20 06:56:50', '2023-02-20 06:56:50'),
(4, 2, 38, '3', 9, 'Regular Old Football League', '2023-03-10', '2023-04-10', '09:00 AM', '05:00 PM', 13, 22, 1, 12, 17, 15, 1527, 2, '2023-02-20 06:56:50', '2023-02-20 06:56:50'),
(5, 2, 39, '4', 9, 'Regular Old Football League', '2023-03-10', '2023-04-10', '09:00 AM', '05:00 PM', 17, 21, 3, 13, 20, 12, 1909, 2, '2023-02-20 06:56:50', '2023-02-20 06:56:50'),
(6, 2, 35, '2|3', 7, 'Regular Old Football League', '2023-03-10', '2023-04-10', '09:00 AM', '05:00 PM', 16, 28, 1, 12, 17, 13, 1489, 2, '2023-02-20 06:56:50', '2023-02-20 06:56:50'),
(7, 2, 37, '5', 7, 'Regular Old Football League', '2023-03-10', '2023-04-10', '09:00 AM', '05:00 PM', 20, 30, 1, 12, 16, 13, 1848, 2, '2023-02-20 06:56:50', '2023-02-20 06:56:50'),
(8, 2, 37, '4', 7, 'Regular Old Football League', '2023-03-10', '2023-04-10', '09:00 AM', '05:00 PM', 13, 24, 2, 13, 24, 14, 1976, 2, '2023-02-20 06:56:50', '2023-02-20 06:56:50'),
(9, 2, 38, '3', 9, 'Regular Old Football League', '2023-03-10', '2023-04-10', '09:00 AM', '05:00 PM', 13, 22, 1, 12, 17, 15, 1527, 2, '2023-02-20 06:56:50', '2023-02-20 06:56:50'),
(10, 2, 39, '4', 9, 'Regular Old Football League', '2023-03-10', '2023-04-10', '09:00 AM', '05:00 PM', 17, 21, 3, 13, 20, 12, 1909, 2, '2023-02-20 06:56:50', '2023-02-20 06:56:50'),
(11, 2, 35, '2|3', 7, 'Regular Old Football League', '2023-03-10', '2023-04-10', '09:00 AM', '05:00 PM', 16, 28, 1, 12, 17, 13, 1489, 2, '2023-02-20 06:56:50', '2023-02-20 06:56:50'),
(12, 2, 37, '5', 7, 'Regular Old Football League', '2023-03-10', '2023-04-10', '09:00 AM', '05:00 PM', 20, 30, 1, 12, 16, 13, 1848, 2, '2023-02-20 06:56:50', '2023-02-20 06:56:50'),
(13, 2, 37, '4', 7, 'Regular Old Football League', '2023-03-10', '2023-04-10', '09:00 AM', '05:00 PM', 13, 24, 2, 13, 24, 14, 1976, 2, '2023-02-20 06:56:50', '2023-02-20 06:56:50'),
(14, 2, 38, '3', 9, 'Regular Old Football League', '2023-03-10', '2023-04-10', '09:00 AM', '05:00 PM', 13, 22, 1, 12, 17, 15, 1527, 2, '2023-02-20 06:56:50', '2023-02-20 06:56:50'),
(15, 2, 39, '4', 9, 'Regular Old Football League', '2023-03-10', '2023-04-10', '09:00 AM', '05:00 PM', 17, 21, 3, 13, 20, 12, 1909, 2, '2023-02-20 06:56:50', '2023-02-20 06:56:50'),
(16, 2, 35, '2|3', 7, 'Regular Old Football League', '2023-03-10', '2023-04-10', '09:00 AM', '05:00 PM', 16, 28, 1, 12, 17, 13, 1489, 2, '2023-02-20 06:56:50', '2023-02-20 06:56:50'),
(17, 2, 37, '5', 7, 'Regular Old Football League', '2023-03-10', '2023-04-10', '09:00 AM', '05:00 PM', 20, 30, 1, 12, 16, 13, 1848, 2, '2023-02-20 06:56:50', '2023-02-20 06:56:50'),
(18, 2, 37, '4', 7, 'Regular Old Football League', '2023-03-10', '2023-04-10', '09:00 AM', '05:00 PM', 13, 24, 2, 13, 24, 14, 1976, 2, '2023-02-20 06:56:50', '2023-02-20 06:56:50'),
(19, 2, 38, '3', 9, 'Regular Old Football League', '2023-03-10', '2023-04-10', '09:00 AM', '05:00 PM', 13, 22, 1, 12, 17, 15, 1527, 2, '2023-02-20 06:56:50', '2023-02-20 06:56:50'),
(20, 2, 39, '4', 9, 'Regular Old Football League', '2023-03-10', '2023-04-10', '09:00 AM', '05:00 PM', 17, 21, 3, 13, 20, 12, 1909, 2, '2023-02-20 06:56:50', '2023-02-20 06:56:50'),
(21, 2, 35, '20|3', 6, 'Ipsum League', '2023-03-08', '2023-03-31', '01:00 AM', '04:00 AM', 14, 18, 2, 3, 6, 6, 120, 2, '2023-03-05 07:08:44', '2023-03-05 07:25:42');

-- --------------------------------------------------------

--
-- Table structure for table `migrations`
--

CREATE TABLE `migrations` (
  `id` int(10) UNSIGNED NOT NULL,
  `migration` varchar(255) NOT NULL,
  `batch` int(11) NOT NULL
) ENGINE=MyISAM DEFAULT CHARSET=utf8mb4 COLLATE=utf8mb4_unicode_ci;

--
-- Dumping data for table `migrations`
--

INSERT INTO `migrations` (`id`, `migration`, `batch`) VALUES
(1, '2014_10_12_000000_create_users_table', 1),
(2, '2023_02_06_091247_create_domes_table', 2),
(3, '2023_02_06_100506_create_bookings_table', 3),
(4, '2023_02_06_101920_create_categories_table', 4),
(5, '2023_02_06_102808_create_c_m_s_table', 5),
(6, '2023_02_06_104026_create_dome_images_table', 6),
(7, '2023_02_06_105050_create_favourites_table', 7),
(8, '2023_02_06_105312_create_fields_table', 8),
(10, '2023_02_06_110210_create_payment_gateways_table', 9),
(11, '2023_02_06_110542_create_reviews_table', 10),
(12, '2023_02_06_110902_create_transactions_table', 11),
(14, '2023_02_19_062821_create_enquiries_table', 12),
(15, '2023_02_19_071908_add_fcm_token_column_to_users_table', 13),
(16, '2023_02_17_092343_create_leagues_table', 14);

-- --------------------------------------------------------

--
-- Table structure for table `password_resets`
--

CREATE TABLE `password_resets` (
  `email` varchar(255) NOT NULL,
  `token` varchar(255) NOT NULL,
  `created_at` timestamp NULL DEFAULT NULL
) ENGINE=MyISAM DEFAULT CHARSET=utf8mb4 COLLATE=utf8mb4_unicode_ci;

-- --------------------------------------------------------

--
-- Table structure for table `payment_gateways`
--

CREATE TABLE `payment_gateways` (
  `id` bigint(20) UNSIGNED NOT NULL,
  `type` int(11) NOT NULL COMMENT '1=Stripe',
  `public_key` varchar(255) NOT NULL,
  `secret_key` varchar(255) NOT NULL,
  `created_at` timestamp NULL DEFAULT current_timestamp(),
  `updated_at` timestamp NULL DEFAULT current_timestamp()
) ENGINE=InnoDB DEFAULT CHARSET=utf8mb4 COLLATE=utf8mb4_unicode_ci;

--
-- Dumping data for table `payment_gateways`
--

INSERT INTO `payment_gateways` (`id`, `type`, `public_key`, `secret_key`, `created_at`, `updated_at`) VALUES
(1, 1, 'pk_test_51LlAvQFysF0okTxJURIkxuGDrkHuj0MwtW9BR7XAZlYZWoCVJ3F7tLR538Uonlw1msIhcm26oESamRKrVIzZOwMG00NvCxPLn8', 'sk_test_51LlAvQFysF0okTxJ2zYdNO3KY6BqSEQMCXuY7SxBvTlI7L2wEneSwWKL70Qhrsg52XWHm1aI95VN3Qna6R7dE7FU00JJ4aysw3', '2022-11-22 00:35:31', '2022-11-22 23:54:25');

-- --------------------------------------------------------

--
-- Table structure for table `personal_access_tokens`
--

CREATE TABLE `personal_access_tokens` (
  `id` bigint(20) UNSIGNED NOT NULL,
  `tokenable_type` varchar(255) NOT NULL,
  `tokenable_id` bigint(20) UNSIGNED NOT NULL,
  `name` varchar(255) NOT NULL,
  `token` varchar(64) NOT NULL,
  `abilities` text DEFAULT NULL,
  `last_used_at` timestamp NULL DEFAULT NULL,
  `expires_at` timestamp NULL DEFAULT NULL,
  `created_at` timestamp NULL DEFAULT NULL,
  `updated_at` timestamp NULL DEFAULT NULL
) ENGINE=InnoDB DEFAULT CHARSET=utf8mb4 COLLATE=utf8mb4_unicode_ci;

-- --------------------------------------------------------

--
-- Table structure for table `reviews`
--

CREATE TABLE `reviews` (
  `id` bigint(20) UNSIGNED NOT NULL,
  `vendor_id` int(11) NOT NULL,
  `dome_id` int(11) NOT NULL,
  `user_id` int(11) NOT NULL,
  `ratting` int(11) NOT NULL,
  `comment` varchar(255) DEFAULT NULL,
  `reply_message` text DEFAULT NULL,
  `replied_at` date DEFAULT NULL,
  `created_at` timestamp NULL DEFAULT current_timestamp(),
  `updated_at` timestamp NULL DEFAULT current_timestamp()
) ENGINE=InnoDB DEFAULT CHARSET=utf8mb4 COLLATE=utf8mb4_unicode_ci;

--
-- Dumping data for table `reviews`
--

INSERT INTO `reviews` (`id`, `vendor_id`, `dome_id`, `user_id`, `ratting`, `comment`, `reply_message`, `replied_at`, `created_at`, `updated_at`) VALUES
(1, 2, 35, 6, 3, 'Very Good Experience', NULL, NULL, '2023-03-02 03:31:58', '2023-03-02 03:31:58'),
(3, 2, 38, 15, 1, 'Very Good Experience', NULL, NULL, '2023-03-02 03:31:58', '2023-03-02 03:31:58'),
(4, 2, 35, 5, 5, 'Very Good Experience', NULL, NULL, '2023-03-02 03:31:58', '2023-03-02 03:31:58'),
(5, 2, 38, 8, 4, 'Very Good Experience', NULL, NULL, '2023-03-02 03:31:58', '2023-03-02 03:31:58'),
(6, 2, 36, 7, 2, 'Very Good Experience', NULL, NULL, '2023-03-02 03:31:58', '2023-03-02 03:31:58'),
(7, 2, 38, 8, 5, 'Very Good Experience', NULL, NULL, '2023-03-02 03:31:58', '2023-03-02 03:31:58'),
(8, 2, 38, 15, 2, 'Very Good Experience', NULL, NULL, '2023-03-02 03:31:58', '2023-03-02 03:31:58'),
(9, 2, 37, 8, 2, 'Very Good Experience', NULL, NULL, '2023-03-02 03:31:58', '2023-03-02 03:31:58'),
(10, 2, 38, 12, 3, 'Very Good Experience', NULL, NULL, '2023-03-02 03:31:58', '2023-03-02 03:31:58'),
(11, 2, 38, 16, 2, 'Very Good Experience', NULL, NULL, '2023-03-02 03:31:58', '2023-03-02 03:31:58'),
(12, 2, 36, 7, 5, 'Very Good Experience', NULL, NULL, '2023-03-02 03:31:58', '2023-03-02 03:31:58'),
(13, 2, 40, 13, 2, 'Very Good Experience', NULL, NULL, '2023-03-02 03:31:58', '2023-03-02 03:31:58'),
(14, 2, 37, 5, 3, 'Very Good Experience', NULL, NULL, '2023-03-02 03:31:58', '2023-03-02 03:31:58'),
(15, 2, 38, 15, 5, 'Very Good Experience', NULL, NULL, '2023-03-02 03:31:58', '2023-03-02 03:31:58'),
(16, 2, 40, 10, 4, 'Very Good Experience', NULL, NULL, '2023-03-02 03:31:58', '2023-03-02 03:31:58'),
(17, 2, 40, 5, 3, 'Very Good Experience', NULL, NULL, '2023-03-02 03:31:58', '2023-03-02 03:31:58'),
(18, 2, 37, 3, 4, 'Very Good Experience', NULL, NULL, '2023-03-02 03:31:58', '2023-03-02 03:31:58'),
(19, 2, 37, 10, 4, 'Very Good Experience', NULL, NULL, '2023-03-02 03:31:58', '2023-03-02 03:31:58'),
(20, 2, 38, 3, 5, 'Very Good Experience', NULL, NULL, '2023-03-02 03:31:58', '2023-03-02 03:31:58'),
(21, 2, 36, 13, 5, 'Very Good Experience', NULL, NULL, '2023-03-02 03:31:58', '2023-03-02 03:31:58'),
(22, 2, 39, 15, 3, 'Very Good Experience', NULL, NULL, '2023-03-02 03:31:58', '2023-03-02 03:31:58'),
(23, 2, 37, 15, 1, 'Very Good Experience', NULL, NULL, '2023-03-02 03:31:58', '2023-03-02 03:31:58'),
(24, 2, 40, 11, 5, 'Very Good Experience', NULL, NULL, '2023-03-02 03:31:58', '2023-03-02 03:31:58'),
(25, 2, 38, 9, 4, 'Very Good Experience', NULL, NULL, '2023-03-02 03:31:58', '2023-03-02 03:31:58'),
(26, 2, 35, 8, 3, 'Very Good Experience', NULL, NULL, '2023-03-02 03:31:58', '2023-03-02 03:31:58'),
(27, 2, 40, 11, 1, 'Very Good Experience', NULL, NULL, '2023-03-02 03:31:58', '2023-03-02 03:31:58'),
(28, 2, 40, 9, 4, 'Very Good Experience', NULL, NULL, '2023-03-02 03:31:58', '2023-03-02 03:31:58'),
(30, 2, 35, 7, 4, 'Very Good Experience', NULL, NULL, '2023-03-02 03:31:58', '2023-03-02 03:31:58'),
(31, 2, 40, 8, 5, 'Very Good Experience', NULL, NULL, '2023-03-02 03:31:58', '2023-03-02 03:31:58'),
(32, 2, 38, 9, 2, 'Very Good Experience', NULL, NULL, '2023-03-02 03:31:58', '2023-03-02 03:31:58'),
(33, 2, 38, 7, 4, 'Very Good Experience', NULL, NULL, '2023-03-02 03:31:58', '2023-03-02 03:31:58'),
(34, 2, 37, 12, 1, 'Very Good Experience', NULL, NULL, '2023-03-02 03:31:58', '2023-03-02 03:31:58'),
(35, 2, 38, 5, 4, 'Very Good Experience', NULL, NULL, '2023-03-02 03:31:58', '2023-03-02 03:31:58'),
(36, 2, 37, 3, 3, 'Very Good Experience', NULL, NULL, '2023-03-02 03:31:58', '2023-03-02 03:31:58'),
(37, 2, 37, 7, 3, 'Very Good Experience', NULL, NULL, '2023-03-02 03:31:58', '2023-03-02 03:31:58'),
(38, 2, 40, 15, 4, 'Very Good Experience', NULL, NULL, '2023-03-02 03:31:58', '2023-03-02 03:31:58'),
(39, 2, 36, 9, 5, 'Very Good Experience', NULL, NULL, '2023-03-02 03:31:58', '2023-03-02 03:31:58'),
(40, 2, 35, 8, 3, 'Very Good Experience', NULL, NULL, '2023-03-02 03:31:58', '2023-03-02 03:31:58'),
(41, 2, 39, 3, 2, 'Very Good Experience', NULL, NULL, '2023-03-02 03:31:58', '2023-03-02 03:31:58'),
(42, 2, 36, 7, 3, 'Very Good Experience', NULL, NULL, '2023-03-02 03:31:58', '2023-03-02 03:31:58'),
(43, 2, 35, 10, 1, 'Very Good Experience', NULL, NULL, '2023-03-02 03:31:58', '2023-03-02 03:31:58'),
(44, 2, 38, 9, 5, 'Very Good Experience', NULL, NULL, '2023-03-02 03:31:58', '2023-03-02 03:31:58'),
(45, 2, 36, 13, 5, 'Very Good Experience', NULL, NULL, '2023-03-02 03:31:58', '2023-03-02 03:31:58'),
(46, 2, 36, 10, 2, 'Very Good Experience', NULL, NULL, '2023-03-02 03:31:58', '2023-03-02 03:31:58'),
(47, 2, 36, 13, 3, 'Very Good Experience', NULL, NULL, '2023-03-02 03:31:58', '2023-03-02 03:31:58'),
(48, 2, 40, 10, 2, 'Very Good Experience', NULL, NULL, '2023-03-02 03:31:58', '2023-03-02 03:31:58'),
(49, 2, 38, 10, 2, 'Very Good Experience', NULL, NULL, '2023-03-02 03:31:58', '2023-03-02 03:31:58'),
(51, 2, 39, 9, 2, 'Very Good Experience', NULL, NULL, '2023-03-02 03:32:40', '2023-03-02 03:32:40'),
(53, 2, 37, 10, 1, 'Very Good Experience', NULL, NULL, '2023-03-02 03:32:40', '2023-03-02 03:32:40'),
(54, 2, 36, 16, 3, 'Very Good Experience', NULL, NULL, '2023-03-02 03:32:40', '2023-03-02 03:32:40'),
(55, 2, 37, 13, 1, 'Very Good Experience', NULL, NULL, '2023-03-02 03:32:40', '2023-03-02 03:32:40'),
(56, 2, 39, 10, 5, 'Very Good Experience', NULL, NULL, '2023-03-02 03:32:40', '2023-03-02 03:32:40'),
(57, 2, 38, 8, 4, 'Very Good Experience', NULL, NULL, '2023-03-02 03:32:40', '2023-03-02 03:32:40'),
(58, 2, 38, 4, 4, 'Very Good Experience', 'Thanks', '2023-03-01', '2023-03-02 03:32:40', '2023-03-02 03:32:40'),
(59, 2, 40, 5, 3, 'Very Good Experience', NULL, NULL, '2023-03-02 03:32:40', '2023-03-02 03:32:40'),
(60, 2, 36, 6, 4, 'Very Good Experience', NULL, NULL, '2023-03-02 03:32:40', '2023-03-02 03:32:40'),
(61, 2, 38, 13, 5, 'Very Good Experience', NULL, NULL, '2023-03-02 03:32:40', '2023-03-02 03:32:40'),
(62, 2, 36, 15, 4, 'Very Good Experience', NULL, NULL, '2023-03-02 03:32:40', '2023-03-02 03:32:40'),
(64, 2, 38, 6, 3, 'Very Good Experience', NULL, NULL, '2023-03-02 03:32:40', '2023-03-02 03:32:40'),
(65, 2, 39, 4, 1, 'Very Good Experience', NULL, NULL, '2023-03-02 03:32:40', '2023-03-02 03:32:40'),
(66, 2, 40, 15, 2, 'Very Good Experience', NULL, NULL, '2023-03-02 03:32:40', '2023-03-02 03:32:40'),
(67, 2, 38, 12, 5, 'Very Good Experience', NULL, NULL, '2023-03-02 03:32:40', '2023-03-02 03:32:40'),
(68, 2, 37, 12, 1, 'Very Good Experience', NULL, NULL, '2023-03-02 03:32:40', '2023-03-02 03:32:40'),
(69, 2, 36, 4, 3, 'Very Good Experience', NULL, NULL, '2023-03-02 03:32:40', '2023-03-02 03:32:40'),
(70, 2, 35, 4, 5, 'Very Good Experience', NULL, NULL, '2023-03-02 03:32:40', '2023-03-02 03:32:40'),
(71, 2, 40, 13, 5, 'Very Good Experience', NULL, NULL, '2023-03-02 03:32:40', '2023-03-02 03:32:40'),
(72, 2, 40, 15, 3, 'Very Good Experience', NULL, NULL, '2023-03-02 03:32:40', '2023-03-02 03:32:40'),
(73, 2, 40, 10, 5, 'Very Good Experience', NULL, NULL, '2023-03-02 03:32:40', '2023-03-02 03:32:40'),
(74, 2, 38, 3, 2, 'Very Good Experience', NULL, NULL, '2023-03-02 03:32:40', '2023-03-02 03:32:40'),
(75, 2, 37, 10, 5, 'Very Good Experience', NULL, NULL, '2023-03-02 03:32:40', '2023-03-02 03:32:40'),
(76, 2, 40, 9, 1, 'Very Good Experience', NULL, NULL, '2023-03-02 03:32:40', '2023-03-02 03:32:40'),
(77, 2, 40, 6, 3, 'Very Good Experience', NULL, NULL, '2023-03-02 03:32:40', '2023-03-02 03:32:40'),
(78, 2, 36, 3, 1, 'Very Good Experience', NULL, NULL, '2023-03-02 03:32:40', '2023-03-02 03:32:40'),
(79, 2, 36, 10, 2, 'Very Good Experience', NULL, NULL, '2023-03-02 03:32:40', '2023-03-02 03:32:40'),
(80, 2, 40, 3, 1, 'Very Good Experience', NULL, NULL, '2023-03-02 03:32:40', '2023-03-02 03:32:40'),
(81, 2, 37, 4, 1, 'Very Good Experience', NULL, NULL, '2023-03-02 03:32:40', '2023-03-02 03:32:40'),
(82, 2, 35, 9, 1, 'Very Good Experience', NULL, NULL, '2023-03-02 03:32:40', '2023-03-02 03:32:40'),
(83, 2, 38, 12, 4, 'Very Good Experience', NULL, NULL, '2023-03-02 03:32:40', '2023-03-02 03:32:40'),
(84, 2, 40, 15, 1, 'Very Good Experience', NULL, NULL, '2023-03-02 03:32:40', '2023-03-02 03:32:40'),
(85, 2, 36, 8, 2, 'Very Good Experience', NULL, NULL, '2023-03-02 03:32:40', '2023-03-02 03:32:40'),
(86, 2, 37, 15, 5, 'Very Good Experience', NULL, NULL, '2023-03-02 03:32:40', '2023-03-02 03:32:40'),
(87, 2, 35, 12, 5, 'Very Good Experience', NULL, NULL, '2023-03-02 03:32:40', '2023-03-02 03:32:40'),
(88, 2, 38, 11, 2, 'Very Good Experience', NULL, NULL, '2023-03-02 03:32:40', '2023-03-02 03:32:40'),
(89, 2, 40, 11, 3, 'Very Good Experience', NULL, NULL, '2023-03-02 03:32:40', '2023-03-02 03:32:40'),
(90, 2, 37, 16, 3, 'Very Good Experience', NULL, NULL, '2023-03-02 03:32:40', '2023-03-02 03:32:40'),
(91, 2, 37, 6, 5, 'Very Good Experience', NULL, NULL, '2023-03-02 03:32:40', '2023-03-02 03:32:40'),
(92, 2, 40, 12, 1, 'Very Good Experience', NULL, NULL, '2023-03-02 03:32:40', '2023-03-02 03:32:40'),
(93, 2, 38, 7, 4, 'Very Good Experience', NULL, NULL, '2023-03-02 03:32:40', '2023-03-02 03:32:40'),
(94, 2, 39, 11, 5, 'Very Good Experience', NULL, NULL, '2023-03-02 03:32:40', '2023-03-02 03:32:40'),
(95, 2, 38, 10, 3, 'Very Good Experience', NULL, NULL, '2023-03-02 03:32:40', '2023-03-02 03:32:40'),
(96, 2, 40, 12, 3, 'Very Good Experience', NULL, NULL, '2023-03-02 03:32:40', '2023-03-02 03:32:40'),
(97, 2, 37, 7, 5, 'Very Good Experience', NULL, NULL, '2023-03-02 03:32:40', '2023-03-02 03:32:40'),
(98, 2, 36, 11, 3, 'Very Good Experience', NULL, NULL, '2023-03-02 03:32:40', '2023-03-02 03:32:40'),
(99, 2, 40, 11, 5, 'Very Good Experience', NULL, NULL, '2023-03-02 03:32:40', '2023-03-02 03:32:40'),
(100, 2, 35, 11, 3, 'Very Good Experience', NULL, NULL, '2023-03-02 03:32:40', '2023-03-02 03:32:40'),
(101, 2, 37, 13, 5, 'Very Good Experience', NULL, NULL, '2023-03-02 03:32:40', '2023-03-02 03:32:40'),
(102, 2, 35, 12, 5, 'Very Good Experience', NULL, NULL, '2023-03-02 03:32:40', '2023-03-02 03:32:40'),
(103, 2, 40, 12, 1, 'Very Good Experience', NULL, NULL, '2023-03-02 03:32:40', '2023-03-02 03:32:40'),
(104, 2, 40, 10, 2, 'Very Good Experience', NULL, NULL, '2023-03-02 03:32:40', '2023-03-02 03:32:40'),
(105, 2, 35, 9, 5, 'Very Good Experience', NULL, NULL, '2023-03-02 03:32:40', '2023-03-02 03:32:40'),
(106, 2, 35, 9, 3, 'Very Good Experience', NULL, NULL, '2023-03-02 03:32:40', '2023-03-02 03:32:40'),
(107, 2, 40, 11, 2, 'Very Good Experience', NULL, NULL, '2023-03-02 03:32:40', '2023-03-02 03:32:40'),
(108, 2, 37, 10, 1, 'Very Good Experience', NULL, NULL, '2023-03-02 03:32:40', '2023-03-02 03:32:40'),
(109, 2, 38, 8, 2, 'Very Good Experience', NULL, NULL, '2023-03-02 03:32:40', '2023-03-02 03:32:40'),
(110, 2, 40, 3, 3, 'Very Good Experience', NULL, NULL, '2023-03-02 03:32:40', '2023-03-02 03:32:40'),
(111, 2, 38, 15, 5, 'Very Good Experience', NULL, NULL, '2023-03-02 03:32:40', '2023-03-02 03:32:40'),
(112, 2, 36, 9, 5, 'Very Good Experience', NULL, NULL, '2023-03-02 03:32:40', '2023-03-02 03:32:40'),
(113, 2, 36, 7, 2, 'Very Good Experience', NULL, NULL, '2023-03-02 03:32:40', '2023-03-02 03:32:40'),
(114, 2, 37, 8, 5, 'Very Good Experience', NULL, NULL, '2023-03-02 03:32:40', '2023-03-02 03:32:40'),
(115, 2, 38, 3, 4, 'Very Good Experience', NULL, NULL, '2023-03-02 03:32:40', '2023-03-02 03:32:40'),
(116, 2, 37, 6, 1, 'Very Good Experience', NULL, NULL, '2023-03-02 03:32:40', '2023-03-02 03:32:40'),
(117, 2, 40, 11, 2, 'Very Good Experience', NULL, NULL, '2023-03-02 03:32:40', '2023-03-02 03:32:40'),
(118, 2, 40, 15, 4, 'Very Good Experience', NULL, NULL, '2023-03-02 03:32:40', '2023-03-02 03:32:40'),
(120, 2, 40, 6, 1, 'Very Good Experience', NULL, NULL, '2023-03-02 03:32:40', '2023-03-02 03:32:40'),
(121, 2, 37, 13, 2, 'Very Good Experience', NULL, NULL, '2023-03-02 03:32:40', '2023-03-02 03:32:40'),
(122, 2, 35, 16, 2, 'Very Good Experience', NULL, NULL, '2023-03-02 03:32:40', '2023-03-02 03:32:40'),
(123, 2, 40, 5, 1, 'Very Good Experience', NULL, NULL, '2023-03-02 03:32:40', '2023-03-02 03:32:40'),
(124, 2, 39, 6, 5, 'Very Good Experience', NULL, NULL, '2023-03-02 03:32:40', '2023-03-02 03:32:40'),
(125, 2, 37, 13, 3, 'Very Good Experience', NULL, NULL, '2023-03-02 03:32:40', '2023-03-02 03:32:40'),
(126, 2, 39, 16, 5, 'Very Good Experience', NULL, NULL, '2023-03-02 03:32:40', '2023-03-02 03:32:40'),
(127, 2, 38, 15, 3, 'Very Good Experience', NULL, NULL, '2023-03-02 03:32:40', '2023-03-02 03:32:40'),
(128, 2, 37, 15, 2, 'Very Good Experience', NULL, NULL, '2023-03-02 03:32:40', '2023-03-02 03:32:40'),
(129, 2, 36, 3, 3, 'Very Good Experience', NULL, NULL, '2023-03-02 03:32:40', '2023-03-02 03:32:40'),
(130, 2, 39, 3, 5, 'Very Good Experience', NULL, NULL, '2023-03-02 03:32:40', '2023-03-02 03:32:40'),
(131, 2, 39, 15, 5, 'Very Good Experience', NULL, NULL, '2023-03-02 03:32:40', '2023-03-02 03:32:40'),
(132, 2, 35, 3, 2, 'Very Good Experience', NULL, NULL, '2023-03-02 03:32:40', '2023-03-02 03:32:40'),
(133, 2, 39, 3, 4, 'Very Good Experience', NULL, NULL, '2023-03-02 03:32:40', '2023-03-02 03:32:40'),
(134, 2, 36, 8, 4, 'Very Good Experience', NULL, NULL, '2023-03-02 03:32:40', '2023-03-02 03:32:40'),
(135, 2, 37, 4, 4, 'Very Good Experience', NULL, NULL, '2023-03-02 03:32:40', '2023-03-02 03:32:40'),
(136, 2, 40, 16, 5, 'Very Good Experience', NULL, NULL, '2023-03-02 03:32:40', '2023-03-02 03:32:40'),
(137, 2, 38, 15, 4, 'Very Good Experience', NULL, NULL, '2023-03-02 03:32:40', '2023-03-02 03:32:40'),
(138, 2, 37, 7, 4, 'Very Good Experience', NULL, NULL, '2023-03-02 03:32:40', '2023-03-02 03:32:40'),
(140, 2, 37, 15, 2, 'Very Good Experience', NULL, NULL, '2023-03-02 03:32:40', '2023-03-02 03:32:40'),
(141, 2, 35, 9, 1, 'Very Good Experience', NULL, NULL, '2023-03-02 03:32:40', '2023-03-02 03:32:40'),
(142, 2, 39, 12, 1, 'Very Good Experience', NULL, NULL, '2023-03-02 03:32:40', '2023-03-02 03:32:40'),
(143, 2, 35, 16, 3, 'Very Good Experience', NULL, NULL, '2023-03-02 03:32:40', '2023-03-02 03:32:40'),
(145, 2, 37, 9, 4, 'Very Good Experience', NULL, NULL, '2023-03-02 03:32:40', '2023-03-02 03:32:40'),
(146, 2, 36, 5, 2, 'Very Good Experience', NULL, NULL, '2023-03-02 03:32:40', '2023-03-02 03:32:40'),
(147, 2, 38, 5, 1, 'Very Good Experience', NULL, NULL, '2023-03-02 03:32:40', '2023-03-02 03:32:40'),
(148, 2, 39, 12, 2, 'Very Good Experience', NULL, NULL, '2023-03-02 03:32:40', '2023-03-02 03:32:40'),
(149, 2, 38, 13, 4, 'Very Good Experience', NULL, NULL, '2023-03-02 03:32:40', '2023-03-02 03:32:40'),
(150, 2, 37, 7, 5, 'Very Good Experience', NULL, NULL, '2023-03-02 03:32:40', '2023-03-02 03:32:40'),
(151, 2, 40, 13, 1, 'Very Good Experience', NULL, NULL, '2023-03-02 03:32:40', '2023-03-02 03:32:40'),
(152, 2, 39, 10, 5, 'Very Good Experience', NULL, NULL, '2023-03-02 03:32:40', '2023-03-02 03:32:40'),
(153, 2, 35, 8, 1, 'Very Good Experience', NULL, NULL, '2023-03-02 03:32:40', '2023-03-02 03:32:40'),
(154, 2, 40, 15, 3, 'Very Good Experience', NULL, NULL, '2023-03-02 03:32:40', '2023-03-02 03:32:40'),
(155, 2, 38, 8, 3, 'Very Good Experience', NULL, NULL, '2023-03-02 03:32:40', '2023-03-02 03:32:40'),
(156, 2, 37, 8, 5, 'Very Good Experience', NULL, NULL, '2023-03-02 03:32:40', '2023-03-02 03:32:40'),
(158, 2, 37, 16, 4, 'Very Good Experience', NULL, NULL, '2023-03-02 03:32:40', '2023-03-02 03:32:40'),
(159, 2, 35, 4, 1, 'Very Good Experience', NULL, NULL, '2023-03-02 03:32:40', '2023-03-02 03:32:40'),
(160, 2, 35, 5, 1, 'Very Good Experience', NULL, NULL, '2023-03-02 03:32:40', '2023-03-02 03:32:40'),
(161, 2, 37, 7, 1, 'Very Good Experience', NULL, NULL, '2023-03-02 03:32:40', '2023-03-02 03:32:40'),
(162, 2, 36, 3, 3, 'Very Good Experience', NULL, NULL, '2023-03-02 03:32:40', '2023-03-02 03:32:40'),
(163, 2, 40, 8, 4, 'Very Good Experience', NULL, NULL, '2023-03-02 03:32:40', '2023-03-02 03:32:40'),
(164, 2, 40, 11, 3, 'Very Good Experience', NULL, NULL, '2023-03-02 03:32:40', '2023-03-02 03:32:40'),
(165, 2, 35, 7, 5, 'Very Good Experience', NULL, NULL, '2023-03-02 03:32:40', '2023-03-02 03:32:40'),
(166, 2, 35, 15, 5, 'Very Good Experience', NULL, NULL, '2023-03-02 03:32:40', '2023-03-02 03:32:40'),
(167, 2, 36, 4, 3, 'Very Good Experience', NULL, NULL, '2023-03-02 03:32:40', '2023-03-02 03:32:40'),
(168, 2, 38, 3, 4, 'Very Good Experience', NULL, NULL, '2023-03-02 03:32:40', '2023-03-02 03:32:40'),
(170, 2, 39, 5, 3, 'Very Good Experience', NULL, NULL, '2023-03-02 03:32:40', '2023-03-02 03:32:40'),
(171, 2, 37, 3, 2, 'Very Good Experience', NULL, NULL, '2023-03-02 03:32:40', '2023-03-02 03:32:40'),
(172, 2, 38, 13, 5, 'Very Good Experience', NULL, NULL, '2023-03-02 03:32:40', '2023-03-02 03:32:40'),
(173, 2, 35, 13, 1, 'Very Good Experience', NULL, NULL, '2023-03-02 03:32:40', '2023-03-02 03:32:40'),
(174, 2, 37, 8, 2, 'Very Good Experience', NULL, NULL, '2023-03-02 03:32:40', '2023-03-02 03:32:40'),
(175, 2, 36, 15, 5, 'Very Good Experience', NULL, NULL, '2023-03-02 03:32:40', '2023-03-02 03:32:40'),
(176, 2, 37, 9, 2, 'Very Good Experience', NULL, NULL, '2023-03-02 03:32:40', '2023-03-02 03:32:40'),
(177, 2, 36, 13, 4, 'Very Good Experience', NULL, NULL, '2023-03-02 03:32:40', '2023-03-02 03:32:40'),
(178, 2, 40, 6, 1, 'Very Good Experience', NULL, NULL, '2023-03-02 03:32:40', '2023-03-02 03:32:40'),
(179, 2, 38, 4, 3, 'Very Good Experience', NULL, NULL, '2023-03-02 03:32:40', '2023-03-02 03:32:40'),
(180, 2, 36, 15, 1, 'Very Good Experience', NULL, NULL, '2023-03-02 03:32:40', '2023-03-02 03:32:40'),
(181, 2, 37, 12, 3, 'Very Good Experience', NULL, NULL, '2023-03-02 03:32:40', '2023-03-02 03:32:40'),
(182, 2, 38, 11, 2, 'Very Good Experience', NULL, NULL, '2023-03-02 03:32:40', '2023-03-02 03:32:40'),
(183, 2, 38, 11, 4, 'Very Good Experience', NULL, NULL, '2023-03-02 03:32:40', '2023-03-02 03:32:40'),
(184, 2, 39, 5, 1, 'Very Good Experience', NULL, NULL, '2023-03-02 03:32:40', '2023-03-02 03:32:40'),
(185, 2, 36, 12, 3, 'Very Good Experience', NULL, NULL, '2023-03-02 03:32:40', '2023-03-02 03:32:40'),
(186, 2, 35, 6, 3, 'Very Good Experience', NULL, NULL, '2023-03-02 03:32:40', '2023-03-02 03:32:40'),
(187, 2, 40, 16, 5, 'Very Good Experience', NULL, NULL, '2023-03-02 03:32:40', '2023-03-02 03:32:40'),
(188, 2, 37, 11, 3, 'Very Good Experience', NULL, NULL, '2023-03-02 03:32:40', '2023-03-02 03:32:40'),
(189, 2, 35, 13, 3, 'Very Good Experience', NULL, NULL, '2023-03-02 03:32:40', '2023-03-02 03:32:40'),
(190, 2, 38, 10, 3, 'Very Good Experience', NULL, NULL, '2023-03-02 03:32:40', '2023-03-02 03:32:40'),
(191, 2, 37, 13, 1, 'Very Good Experience', NULL, NULL, '2023-03-02 03:32:40', '2023-03-02 03:32:40'),
(192, 2, 35, 10, 4, 'Very Good Experience', NULL, NULL, '2023-03-02 03:32:40', '2023-03-02 03:32:40'),
(193, 2, 39, 12, 3, 'Very Good Experience', NULL, NULL, '2023-03-02 03:32:40', '2023-03-02 03:32:40'),
(194, 2, 38, 13, 5, 'Very Good Experience', NULL, NULL, '2023-03-02 03:32:40', '2023-03-02 03:32:40'),
(195, 2, 38, 3, 2, 'Very Good Experience', NULL, NULL, '2023-03-02 03:32:40', '2023-03-02 03:32:40'),
(196, 2, 39, 6, 4, 'Very Good Experience', NULL, NULL, '2023-03-02 03:32:40', '2023-03-02 03:32:40'),
(197, 2, 39, 15, 5, 'Very Good Experience', NULL, NULL, '2023-03-02 03:32:40', '2023-03-02 03:32:40'),
(198, 2, 39, 12, 1, 'Very Good Experience', NULL, NULL, '2023-03-02 03:32:40', '2023-03-02 03:32:40'),
(199, 2, 35, 9, 5, 'Very Good Experience', NULL, NULL, '2023-03-02 03:32:40', '2023-03-02 03:32:40'),
(200, 2, 40, 15, 4, 'Very Good Experience', NULL, NULL, '2023-03-02 03:32:40', '2023-03-02 03:32:40');

-- --------------------------------------------------------

--
-- Table structure for table `set_prices`
--

CREATE TABLE `set_prices` (
  `id` int(11) NOT NULL,
  `vendor_id` int(11) NOT NULL,
  `dome_id` int(11) NOT NULL,
  `sport_id` int(11) NOT NULL,
  `start_date` varchar(11) DEFAULT NULL,
  `end_date` varchar(11) DEFAULT NULL,
  `price_type` int(11) NOT NULL DEFAULT 1 COMMENT '1=default,2=daywise',
  `price` double NOT NULL DEFAULT 0,
  `created_at` timestamp NOT NULL DEFAULT current_timestamp(),
  `updated_at` timestamp NOT NULL DEFAULT current_timestamp()
) ENGINE=InnoDB DEFAULT CHARSET=utf8mb4 COLLATE=utf8mb4_general_ci;

--
-- Dumping data for table `set_prices`
--

INSERT INTO `set_prices` (`id`, `vendor_id`, `dome_id`, `sport_id`, `start_date`, `end_date`, `price_type`, `price`, `created_at`, `updated_at`) VALUES
(5, 2, 35, 10, '2023-04-01', '2023-04-29', 2, 0, '2023-03-12 05:30:16', '2023-03-12 05:30:16'),
(6, 2, 47, 6, '', '', 1, 120, '2023-03-12 07:28:43', '2023-03-12 07:28:43'),
(7, 2, 47, 8, '', '', 1, 50, '2023-03-12 07:28:43', '2023-03-12 07:28:43'),
(8, 2, 47, 9, '', '', 1, 80, '2023-03-12 07:28:43', '2023-03-12 07:28:43');

-- --------------------------------------------------------

--
-- Table structure for table `set_prices_days_slots`
--

CREATE TABLE `set_prices_days_slots` (
  `id` int(11) NOT NULL,
  `set_prices_id` int(11) NOT NULL,
  `start_time` varchar(255) NOT NULL,
  `end_time` varchar(255) NOT NULL,
  `day` varchar(255) NOT NULL,
  `price` double NOT NULL DEFAULT 0,
  `created_at` timestamp NOT NULL DEFAULT current_timestamp(),
  `updated_at` timestamp NOT NULL DEFAULT current_timestamp()
) ENGINE=InnoDB DEFAULT CHARSET=utf8mb4 COLLATE=utf8mb4_general_ci;

--
-- Dumping data for table `set_prices_days_slots`
--

INSERT INTO `set_prices_days_slots` (`id`, `set_prices_id`, `start_time`, `end_time`, `day`, `price`, `created_at`, `updated_at`) VALUES
(31, 5, '01:00 AM', '03:00 AM', 'monday', 120, '2023-03-12 05:30:16', '2023-03-12 05:30:16'),
(32, 5, '04:00 AM', '06:00 AM', 'monday', 150, '2023-03-12 05:30:16', '2023-03-12 05:30:16'),
(33, 5, '07:00 AM', '12:00 PM', 'monday', 170, '2023-03-12 05:30:16', '2023-03-12 05:30:16'),
(34, 5, '04:00 PM', '11:00 PM', 'monday', 190, '2023-03-12 05:30:16', '2023-03-12 05:30:16'),
(35, 5, '06:00 AM', '11:00 AM', 'tuesday', 50, '2023-03-12 05:30:16', '2023-03-12 05:30:16'),
(36, 5, '01:00 PM', '07:00 AM', 'tuesday', 40, '2023-03-12 05:30:16', '2023-03-12 05:30:16'),
(37, 5, '10:00 AM', '12:00 PM', 'wednesday', 120, '2023-03-12 05:30:16', '2023-03-12 05:30:16'),
(38, 5, '01:00 PM', '02:00 PM', 'thursday', 80, '2023-03-12 05:30:16', '2023-03-12 05:30:16'),
(39, 5, '05:00 PM', '11:00 PM', 'thursday', 100, '2023-03-12 05:30:16', '2023-03-12 05:30:16'),
(40, 5, '07:00 PM', '09:00 PM', 'friday', 50, '2023-03-12 05:30:16', '2023-03-12 05:30:16'),
(41, 5, '01:00 AM', '06:00 AM', 'saturday', 120, '2023-03-12 05:30:16', '2023-03-12 05:30:16'),
(42, 5, '03:00 PM', '09:00 PM', 'saturday', 200, '2023-03-12 05:30:16', '2023-03-12 05:30:16'),
(43, 5, '06:00 PM', '10:00 PM', 'sunday', 1100, '2023-03-12 05:30:16', '2023-03-12 05:30:16');

-- --------------------------------------------------------

--
-- Table structure for table `sports`
--

CREATE TABLE `sports` (
  `id` bigint(20) UNSIGNED NOT NULL,
  `name` varchar(255) NOT NULL,
  `image` varchar(255) NOT NULL,
  `is_available` tinyint(4) NOT NULL DEFAULT 1 COMMENT '1=yes,2=no',
  `is_deleted` tinyint(4) NOT NULL DEFAULT 2 COMMENT '1=yes,2=no',
  `created_at` timestamp NULL DEFAULT current_timestamp(),
  `updated_at` timestamp NULL DEFAULT current_timestamp()
) ENGINE=InnoDB DEFAULT CHARSET=utf8mb4 COLLATE=utf8mb4_unicode_ci;

--
-- Dumping data for table `sports`
--

INSERT INTO `sports` (`id`, `name`, `image`, `is_available`, `is_deleted`, `created_at`, `updated_at`) VALUES
(6, 'Soccer', 'sport-9355.png', 1, 2, '2023-02-20 03:35:39', '2023-03-10 06:37:36'),
(7, 'Golf', 'sport-3424.png', 1, 2, '2023-02-20 03:35:56', '2023-02-20 03:35:56'),
(8, 'Basketball', 'sport-9595.png', 1, 2, '2023-02-20 03:37:44', '2023-02-20 03:37:44'),
(9, 'Cricket', 'sport-1841.png', 1, 2, '2023-02-20 03:41:14', '2023-02-20 03:41:14'),
(10, 'Vollyball', 'sport-2840.png', 1, 2, '2023-02-20 03:43:02', '2023-02-20 03:43:02');

-- --------------------------------------------------------

--
-- Table structure for table `transactions`
--

CREATE TABLE `transactions` (
  `id` bigint(20) UNSIGNED NOT NULL,
  `type` tinyint(1) NOT NULL COMMENT '1=incoming, 2=Outgoing(refund)',
  `vendor_id` int(11) NOT NULL,
  `dome_id` int(11) DEFAULT NULL,
  `league_id` int(11) DEFAULT NULL,
  `field_id` varchar(255) NOT NULL,
  `user_id` int(11) DEFAULT NULL,
  `booking_id` varchar(255) NOT NULL,
  `contributor_name` varchar(255) DEFAULT NULL,
  `payment_method` int(11) NOT NULL DEFAULT 1 COMMENT '1=Card, 2=Apple Pay, 3=Google Pay	',
  `transaction_id` varchar(255) NOT NULL,
  `amount` double(8,2) NOT NULL,
  `created_at` timestamp NULL DEFAULT current_timestamp(),
  `updated_at` timestamp NULL DEFAULT current_timestamp()
) ENGINE=InnoDB DEFAULT CHARSET=utf8mb4 COLLATE=utf8mb4_unicode_ci;

--
-- Dumping data for table `transactions`
--

INSERT INTO `transactions` (`id`, `type`, `vendor_id`, `dome_id`, `league_id`, `field_id`, `user_id`, `booking_id`, `contributor_name`, `payment_method`, `transaction_id`, `amount`, `created_at`, `updated_at`) VALUES
(1, 1, 1, 37, NULL, '15', 3, '236729', NULL, 2, 'Vq8TXHB7ad', 247.00, '2023-03-13 04:46:37', '2023-03-14 01:27:53'),
(2, 1, 1, 45, NULL, '4', 13, '247901', NULL, 2, 'qILneq9l2J', 760.00, '2023-01-31 03:01:32', '2023-03-14 01:27:53'),
(3, 1, 1, 38, NULL, '20', 14, '813067', NULL, 3, 'mHqPVH4xuo', 520.00, '2022-11-15 20:47:50', '2023-03-14 01:27:53'),
(4, 1, 1, 35, NULL, '10', 12, '683660', NULL, 3, 'fq47aeESPm', 587.00, '2023-03-07 07:20:06', '2023-03-14 01:27:53'),
(5, 1, 1, 42, NULL, '12', 7, '964527', NULL, 3, 'MuYMaEbAn2', 200.00, '2023-01-14 13:02:26', '2023-03-14 01:27:53'),
(6, 1, 1, 40, NULL, '7', 13, '903003', NULL, 2, 'YldqXNbKxh', 497.00, '2022-11-14 04:52:01', '2023-03-14 01:27:53'),
(7, 1, 1, 40, NULL, '19', 7, '493485', NULL, 3, 'N77lgCcV36', 930.00, '2023-02-21 04:14:57', '2023-03-14 01:27:53'),
(8, 1, 1, 40, NULL, '6', 4, '129703', NULL, 2, '2n59a7gTeP', 286.00, '2023-03-14 00:02:48', '2023-03-14 01:27:53'),
(9, 1, 1, 42, NULL, '22', 9, '687699', NULL, 3, 'ZjFjZY8rWP', 796.00, '2022-05-03 00:42:52', '2023-03-14 01:27:53'),
(10, 1, 1, 40, NULL, '7', 8, '321550', NULL, 2, 'MkKZrThobW', 726.00, '2023-02-15 08:17:02', '2023-03-14 01:27:53'),
(11, 1, 1, 41, NULL, '19', 6, '187308', NULL, 1, 'oF2PNbBroA', 387.00, '2023-01-01 12:20:57', '2023-03-14 01:27:53'),
(12, 1, 1, 35, NULL, '13', 4, '312754', NULL, 1, 'z4Q1zBv2y4', 791.00, '2022-09-08 12:13:47', '2023-03-14 01:27:53'),
(13, 1, 1, 41, NULL, '3', 12, '125307', NULL, 1, 'GmQwWdljji', 572.00, '2023-01-20 06:29:17', '2023-03-14 01:27:53'),
(14, 1, 1, 35, NULL, '11', 11, '426660', NULL, 3, 'zyTJFxl7A6', 254.00, '2023-02-15 08:55:30', '2023-03-14 01:27:53'),
(15, 1, 1, 41, NULL, '10', 3, '907590', NULL, 1, 'RUIUb95C88', 991.00, '2023-03-07 15:40:59', '2023-03-14 01:27:53'),
(16, 1, 1, 42, NULL, '5', 10, '815888', NULL, 2, 'S1Xv04G1Wh', 833.00, '2023-03-10 21:17:01', '2023-03-14 01:27:53'),
(17, 1, 1, 35, NULL, '21', 8, '617396', NULL, 1, 'tvBSTBjY4D', 805.00, '2023-03-03 22:13:28', '2023-03-14 01:27:53'),
(18, 1, 1, 43, NULL, '22', 6, '152128', NULL, 2, 'fS6P2IUtg6', 423.00, '2022-08-20 21:46:29', '2023-03-14 01:27:53'),
(19, 1, 1, 45, NULL, '18', 6, '862856', NULL, 1, 'qjGXbmGP5a', 373.00, '2022-11-18 19:55:00', '2023-03-14 01:27:53'),
(20, 1, 1, 37, NULL, '23', 10, '312457', NULL, 2, 'pJZQ65ptwE', 186.00, '2022-09-28 13:30:39', '2023-03-14 01:27:53'),
(21, 1, 1, 45, NULL, '23', 14, '753594', NULL, 3, 'Aeby7qD0Sh', 440.00, '2023-01-12 04:32:42', '2023-03-14 01:27:53'),
(22, 1, 1, 44, NULL, '12', 14, '686522', NULL, 3, 'Vp12RBsk4a', 950.00, '2023-01-10 16:40:54', '2023-03-14 01:27:53'),
(23, 1, 1, 39, NULL, '8', 7, '632262', NULL, 1, 'oohLEW4gbc', 217.00, '2023-01-09 06:47:03', '2023-03-14 01:27:53'),
(24, 1, 1, 44, NULL, '11', 5, '428544', NULL, 2, 'bFmiLd4ThF', 754.00, '2023-01-22 20:01:19', '2023-03-14 01:27:53'),
(25, 1, 1, 41, NULL, '17', 12, '394662', NULL, 3, '19TwsiDt80', 892.00, '2023-03-05 23:05:12', '2023-03-14 01:27:53'),
(26, 1, 1, 45, NULL, '14', 14, '287837', NULL, 2, 'I0zaxZPl5R', 128.00, '2022-12-29 10:29:27', '2023-03-14 01:27:53'),
(27, 1, 1, 35, NULL, '4', 8, '703904', NULL, 3, 'sLvMAeX7DI', 137.00, '2022-12-05 23:41:36', '2023-03-14 01:27:53'),
(28, 1, 1, 45, NULL, '17', 9, '758765', NULL, 1, 'sYH1iNqE7a', 605.00, '2023-02-08 08:20:11', '2023-03-14 01:27:53'),
(29, 1, 1, 42, NULL, '4', 8, '912536', NULL, 1, 'VltYP9vKCj', 858.00, '2023-01-05 10:53:07', '2023-03-14 01:27:53'),
(30, 1, 1, 41, NULL, '7', 3, '984685', NULL, 3, 'ltvNCKc2fg', 151.00, '2022-07-17 06:30:53', '2023-03-14 01:27:53'),
(31, 1, 1, 41, NULL, '6', 11, '442626', NULL, 2, 'lVHv10u93n', 882.00, '2022-11-25 07:45:10', '2023-03-14 01:27:53'),
(32, 1, 1, 36, NULL, '23', 4, '403189', NULL, 1, '6VdGZcAyiV', 973.00, '2022-10-09 07:36:53', '2023-03-14 01:27:53'),
(33, 1, 1, 45, NULL, '7', 8, '215485', NULL, 3, 'gRBIq54eaR', 259.00, '2022-07-16 20:23:50', '2023-03-14 01:27:53'),
(34, 1, 1, 40, NULL, '13', 5, '991972', NULL, 2, 'WyMXzPwBF1', 207.00, '2022-11-04 07:45:34', '2023-03-14 01:27:53'),
(35, 1, 1, 36, NULL, '18', 3, '386629', NULL, 1, 'RyRzQUPe5a', 534.00, '2023-01-27 13:18:42', '2023-03-14 01:27:53'),
(36, 1, 1, 36, NULL, '3', 5, '341064', NULL, 3, 'duLbIWp9NP', 781.00, '2023-02-21 18:37:03', '2023-03-14 01:27:53'),
(37, 1, 1, 45, NULL, '2', 6, '584949', NULL, 2, 'tHXZnjXe2j', 306.00, '2023-02-11 10:32:25', '2023-03-14 01:27:53'),
(38, 1, 1, 42, NULL, '12', 10, '945786', NULL, 1, '2JNsPNnwIk', 438.00, '2022-08-07 04:58:42', '2023-03-14 01:27:53'),
(39, 1, 1, 37, NULL, '12', 16, '333354', NULL, 2, 'Cs4SSsRmRS', 906.00, '2023-03-12 20:33:16', '2023-03-14 01:27:53'),
(40, 1, 1, 44, NULL, '22', 11, '750659', NULL, 1, 'ucTKGAgrFz', 202.00, '2023-02-24 06:01:54', '2023-03-14 01:27:53'),
(41, 1, 1, 43, NULL, '18', 11, '549206', NULL, 2, 'UrkDK5xVdP', 246.00, '2022-11-14 01:09:37', '2023-03-14 01:27:53'),
(42, 1, 1, 35, NULL, '19', 11, '162864', NULL, 3, 'pzd3EzJMtj', 120.00, '2023-02-17 20:29:10', '2023-03-14 01:27:53'),
(43, 1, 1, 38, NULL, '9', 14, '722535', NULL, 3, 'VaCeYIVgQS', 770.00, '2022-10-10 09:54:51', '2023-03-14 01:27:53'),
(44, 1, 1, 41, NULL, '2', 8, '469066', NULL, 2, 'NLEgW2167j', 169.00, '2023-01-21 02:58:30', '2023-03-14 01:27:53'),
(45, 1, 1, 44, NULL, '8', 6, '786049', NULL, 2, 'kTJ4J5pWof', 580.00, '2023-01-12 16:10:21', '2023-03-14 01:27:53'),
(46, 1, 1, 37, NULL, '19', 3, '523856', NULL, 2, 'y0U8KVH3AQ', 510.00, '2023-02-23 00:17:05', '2023-03-14 01:27:53'),
(47, 1, 1, 42, NULL, '15', 6, '415496', NULL, 3, 'z9NMuJtMhO', 135.00, '2023-02-19 20:24:15', '2023-03-14 01:27:53'),
(48, 1, 1, 39, NULL, '12', 7, '221378', NULL, 1, 'M8Umtw0fuX', 304.00, '2023-01-25 12:26:57', '2023-03-14 01:27:53'),
(49, 1, 1, 39, NULL, '13', 14, '454104', NULL, 2, 'ZVc9tyBfEX', 975.00, '2023-01-11 19:56:18', '2023-03-14 01:27:53'),
(50, 1, 1, 37, NULL, '22', 11, '662020', NULL, 1, 'TcpkBEpZq5', 501.00, '2023-01-25 10:20:28', '2023-03-14 01:27:53'),
(51, 1, 1, 35, NULL, '16', 10, '391342', NULL, 3, 'hiJRhAtRPT', 627.00, '2022-09-26 16:39:08', '2023-03-14 01:28:30'),
(52, 1, 1, 42, NULL, '21', 8, '942790', NULL, 3, 'E65OkA3YG3', 907.00, '2023-03-03 16:10:14', '2023-03-14 01:28:30'),
(53, 1, 1, 35, NULL, '4', 3, '290922', NULL, 1, '5nyZJpkVEk', 753.00, '2022-08-10 14:06:06', '2023-03-14 01:28:30'),
(54, 1, 1, 38, NULL, '7', 9, '336613', NULL, 1, '6W19n3EC70', 954.00, '2023-01-11 11:27:18', '2023-03-14 01:28:30'),
(55, 1, 1, 43, NULL, '22', 14, '355855', NULL, 2, 'ZdWyw3DTmZ', 158.00, '2022-11-18 19:09:31', '2023-03-14 01:28:30'),
(56, 1, 1, 35, NULL, '21', 13, '543947', NULL, 1, '2FowRG2UpD', 210.00, '2023-01-18 02:19:15', '2023-03-14 01:28:30'),
(57, 1, 1, 35, NULL, '23', 6, '603697', NULL, 2, 'oN3V2g2mwT', 931.00, '2023-03-14 00:57:57', '2023-03-14 01:28:30'),
(58, 1, 1, 38, NULL, '10', 5, '947119', NULL, 2, 'MNtUAOOah1', 888.00, '2022-12-12 01:16:45', '2023-03-14 01:28:30'),
(59, 1, 1, 43, NULL, '1', 15, '482301', NULL, 2, 'Nnjs1TEHow', 164.00, '2023-03-01 18:15:18', '2023-03-14 01:28:30'),
(60, 1, 1, 36, NULL, '18', 10, '531125', NULL, 2, '8xul81cIbU', 99.00, '2022-11-11 19:29:01', '2023-03-14 01:28:30'),
(61, 1, 1, 44, NULL, '5', 15, '945807', NULL, 2, '9ZFFF6vzwQ', 630.00, '2022-12-24 22:58:41', '2023-03-14 01:28:30'),
(62, 1, 1, 37, NULL, '22', 10, '838232', NULL, 2, 'xoomqNIyw6', 107.00, '2023-02-17 09:57:50', '2023-03-14 01:28:30'),
(63, 1, 1, 37, NULL, '17', 3, '560572', NULL, 2, 'sqQnvOyoFX', 659.00, '2022-12-29 10:00:43', '2023-03-14 01:28:30'),
(64, 1, 1, 38, NULL, '17', 6, '446872', NULL, 3, 'jYuaYYKeYY', 364.00, '2023-03-12 14:37:10', '2023-03-14 01:28:30'),
(65, 1, 1, 35, NULL, '2', 15, '790730', NULL, 1, 'WxCMjnkd5e', 368.00, '2022-11-07 08:07:59', '2023-03-14 01:28:30'),
(66, 1, 1, 40, NULL, '13', 4, '289798', NULL, 2, 'SLzC1wnKAs', 482.00, '2022-07-09 00:40:53', '2023-03-14 01:28:30'),
(67, 1, 1, 39, NULL, '11', 12, '888548', NULL, 1, 'WNOVTHrzLw', 167.00, '2023-03-02 16:33:21', '2023-03-14 01:28:30'),
(68, 1, 1, 44, NULL, '22', 10, '371150', NULL, 1, 'umBbFYmWUr', 543.00, '2022-08-26 03:45:25', '2023-03-14 01:28:30'),
(69, 1, 1, 40, NULL, '16', 13, '935812', NULL, 3, 'wdD2Ul7ukg', 501.00, '2022-10-27 13:03:39', '2023-03-14 01:28:30'),
(70, 1, 1, 36, NULL, '14', 15, '167932', NULL, 3, 'onXH1GMPvC', 976.00, '2023-02-20 10:38:05', '2023-03-14 01:28:30'),
(71, 1, 1, 40, NULL, '20', 6, '562147', NULL, 1, 'qcOZeA7UIV', 788.00, '2023-01-31 06:10:00', '2023-03-14 01:28:30'),
(72, 1, 1, 38, NULL, '10', 14, '139995', NULL, 1, 'HPfb6znDRC', 579.00, '2022-12-25 05:35:26', '2023-03-14 01:28:30'),
(73, 1, 1, 42, NULL, '15', 8, '191920', NULL, 3, 'HBI9LfJUjx', 640.00, '2022-11-23 14:53:44', '2023-03-14 01:28:30'),
(74, 1, 1, 43, NULL, '12', 3, '804321', NULL, 2, 'nO8LtLor7i', 964.00, '2022-11-25 10:34:45', '2023-03-14 01:28:30'),
(75, 1, 1, 35, NULL, '8', 16, '510593', NULL, 2, '8BnlotxbWG', 142.00, '2023-03-04 14:22:29', '2023-03-14 01:28:30'),
(76, 1, 1, 37, NULL, '11', 8, '414852', NULL, 2, 'Hb0nePuuUD', 110.00, '2022-05-24 03:00:17', '2023-03-14 01:28:30'),
(77, 1, 1, 45, NULL, '7', 16, '611455', NULL, 3, '0QbYex9H89', 867.00, '2022-12-20 10:34:23', '2023-03-14 01:28:30'),
(78, 1, 1, 42, NULL, '8', 16, '379141', NULL, 1, 'znwvt9Ubte', 272.00, '2022-07-26 08:24:25', '2023-03-14 01:28:30'),
(79, 1, 1, 39, NULL, '4', 5, '678649', NULL, 3, 'qfrt4llrXk', 483.00, '2023-02-13 15:46:23', '2023-03-14 01:28:30'),
(80, 1, 1, 41, NULL, '21', 12, '634181', NULL, 2, 'eEb84JLSy4', 362.00, '2023-01-18 09:56:25', '2023-03-14 01:28:30'),
(81, 1, 1, 38, NULL, '16', 13, '179258', NULL, 3, '1qNlO1rkUd', 181.00, '2022-07-04 02:53:20', '2023-03-14 01:28:30'),
(82, 1, 1, 45, NULL, '23', 12, '189760', NULL, 3, 'qAtN7evATp', 326.00, '2022-12-31 12:22:33', '2023-03-14 01:28:30'),
(83, 1, 1, 38, NULL, '4', 3, '652928', NULL, 2, '5ESPDy6TF7', 403.00, '2023-02-26 09:14:59', '2023-03-14 01:28:30'),
(84, 1, 1, 42, NULL, '17', 8, '833523', NULL, 3, 'c2ZBQo3f9S', 799.00, '2022-10-12 09:43:40', '2023-03-14 01:28:30'),
(85, 1, 1, 37, NULL, '11', 12, '550302', NULL, 3, '4ufceZgKxE', 339.00, '2023-03-02 06:46:53', '2023-03-14 01:28:30'),
(86, 1, 1, 37, NULL, '19', 16, '624825', NULL, 1, 'CFbdsCTXA5', 785.00, '2022-10-30 01:29:08', '2023-03-14 01:28:30'),
(87, 1, 1, 37, NULL, '14', 5, '832126', NULL, 2, '1Rx0Qy6KWi', 739.00, '2022-07-17 13:14:59', '2023-03-14 01:28:30'),
(88, 1, 1, 38, NULL, '2', 15, '566341', NULL, 2, 'Jf9ZJlkwVs', 513.00, '2022-12-23 00:22:30', '2023-03-14 01:28:30'),
(89, 1, 1, 36, NULL, '17', 3, '556180', NULL, 2, 'YFfNuHFTae', 886.00, '2023-02-18 15:04:22', '2023-03-14 01:28:30'),
(90, 1, 1, 42, NULL, '13', 13, '199095', NULL, 3, 'SdTjZVB2Sm', 597.00, '2023-01-19 18:57:49', '2023-03-14 01:28:30'),
(91, 1, 1, 40, NULL, '19', 7, '274076', NULL, 3, 'n2jGyTBbGs', 260.00, '2023-03-09 16:25:31', '2023-03-14 01:28:30'),
(92, 1, 1, 38, NULL, '22', 9, '677829', NULL, 2, '110kdtP8iJ', 427.00, '2022-12-26 14:09:44', '2023-03-14 01:28:30'),
(93, 1, 1, 36, NULL, '21', 13, '384966', NULL, 2, 'PIgU0M7niH', 665.00, '2023-01-26 13:22:45', '2023-03-14 01:28:30'),
(94, 1, 1, 38, NULL, '11', 7, '178790', NULL, 2, 'KsOIimKcIs', 897.00, '2022-08-04 06:37:56', '2023-03-14 01:28:30'),
(95, 1, 1, 39, NULL, '3', 3, '717801', NULL, 1, 'ZPNp19bicC', 529.00, '2022-09-18 17:54:03', '2023-03-14 01:28:30'),
(96, 1, 1, 45, NULL, '3', 13, '477625', NULL, 2, 'ZLBF5cxtvE', 978.00, '2022-12-12 00:18:24', '2023-03-14 01:28:30'),
(97, 1, 1, 39, NULL, '20', 14, '871490', NULL, 3, 'bgoyujM9sZ', 505.00, '2022-12-09 06:57:22', '2023-03-14 01:28:30'),
(98, 1, 1, 41, NULL, '5', 8, '161344', NULL, 3, 'zbrN7IQklo', 491.00, '2022-08-12 00:19:24', '2023-03-14 01:28:30'),
(99, 1, 1, 37, NULL, '2', 16, '942878', NULL, 3, 'p4dcgc8KJy', 930.00, '2022-11-06 04:20:29', '2023-03-14 01:28:30'),
(100, 1, 1, 44, NULL, '14', 8, '195944', NULL, 3, 'vPuJp7J6oQ', 978.00, '2022-04-13 14:35:06', '2023-03-14 01:28:30'),
(101, 1, 1, 39, NULL, '4', 14, '331190', NULL, 3, 'vTYPldBVFH', 883.00, '2023-01-22 23:54:51', '2023-03-14 01:28:30'),
(102, 1, 1, 36, NULL, '20', 9, '625537', NULL, 3, 'jWO5LcM3OF', 869.00, '2023-02-19 10:57:53', '2023-03-14 01:28:30'),
(103, 1, 1, 40, NULL, '22', 7, '423458', NULL, 1, 'XIwtXzYQs2', 568.00, '2023-02-14 03:20:26', '2023-03-14 01:28:30'),
(104, 1, 1, 35, NULL, '10', 13, '968408', NULL, 3, '9NYBvTmkt8', 848.00, '2023-01-22 03:07:39', '2023-03-14 01:28:30'),
(105, 1, 1, 42, NULL, '9', 13, '951752', NULL, 1, 'tAkc6ibWIO', 197.00, '2022-12-15 04:26:20', '2023-03-14 01:28:30'),
(106, 1, 1, 42, NULL, '15', 15, '487891', NULL, 3, 'uqGOXknJeR', 325.00, '2023-02-08 19:32:19', '2023-03-14 01:28:30'),
(107, 1, 1, 45, NULL, '22', 11, '968246', NULL, 1, 'tG2LJlLhTw', 465.00, '2023-03-03 18:20:12', '2023-03-14 01:28:30'),
(108, 1, 1, 41, NULL, '2', 7, '137074', NULL, 1, 'SMHQCxQXFf', 277.00, '2022-11-08 12:49:14', '2023-03-14 01:28:30'),
(109, 1, 1, 35, NULL, '5', 9, '806403', NULL, 1, '6SCrldkuJj', 585.00, '2023-03-03 10:44:37', '2023-03-14 01:28:30'),
(110, 1, 1, 37, NULL, '16', 16, '692133', NULL, 2, 'Lg2AhXpSbW', 403.00, '2023-01-27 02:31:06', '2023-03-14 01:28:30'),
(111, 1, 1, 36, NULL, '2', 11, '448004', NULL, 3, 'Gv3LqFxJYB', 158.00, '2023-03-04 09:13:37', '2023-03-14 01:28:30'),
(112, 1, 1, 36, NULL, '21', 16, '367869', NULL, 1, 'qoVGf40DOs', 449.00, '2023-02-08 20:54:34', '2023-03-14 01:28:30'),
(113, 1, 1, 44, NULL, '21', 13, '763060', NULL, 2, 'KLNfbxoViM', 743.00, '2023-03-12 03:00:31', '2023-03-14 01:28:30'),
(114, 1, 1, 45, NULL, '6', 16, '987508', NULL, 2, 'sMk2IGbsgR', 487.00, '2023-02-13 14:04:42', '2023-03-14 01:28:30'),
(115, 1, 1, 45, NULL, '5', 14, '651086', NULL, 1, '6ewEYFMQkE', 963.00, '2023-02-09 08:24:02', '2023-03-14 01:28:30'),
(116, 1, 1, 40, NULL, '23', 9, '221290', NULL, 3, 'lF6jIvA4eH', 567.00, '2022-11-21 22:36:48', '2023-03-14 01:28:30'),
(117, 1, 1, 43, NULL, '10', 9, '987309', NULL, 3, 'KM9weSKrmV', 774.00, '2023-01-30 07:40:54', '2023-03-14 01:28:30'),
(118, 1, 1, 40, NULL, '11', 6, '417756', NULL, 3, 'zQVklbgoy2', 913.00, '2022-09-06 16:04:14', '2023-03-14 01:28:30'),
(119, 1, 1, 44, NULL, '22', 4, '700122', NULL, 3, 'gYywmCSRWN', 445.00, '2023-03-04 08:55:24', '2023-03-14 01:28:30'),
(120, 1, 1, 38, NULL, '23', 16, '224995', NULL, 2, 'TUirbPN0uZ', 333.00, '2023-03-02 18:11:53', '2023-03-14 01:28:30'),
(121, 1, 1, 37, NULL, '20', 12, '721002', NULL, 2, 'K5gk53nl5E', 298.00, '2022-12-17 19:08:18', '2023-03-14 01:28:30'),
(122, 1, 1, 41, NULL, '10', 15, '927216', NULL, 1, 'OzPA5ZCqt0', 988.00, '2023-03-09 17:10:05', '2023-03-14 01:28:30'),
(123, 1, 1, 36, NULL, '11', 3, '910540', NULL, 3, '0mlO5ulFTh', 677.00, '2022-09-18 15:28:52', '2023-03-14 01:28:30'),
(124, 1, 1, 36, NULL, '17', 16, '506827', NULL, 1, 'F4mkxrh7df', 297.00, '2022-10-17 03:09:12', '2023-03-14 01:28:30'),
(125, 1, 1, 40, NULL, '10', 8, '782423', NULL, 2, 'XJ2lHduB0F', 868.00, '2023-01-26 11:38:09', '2023-03-14 01:28:30'),
(126, 1, 1, 35, NULL, '8', 3, '314858', NULL, 3, 'dCVn9NCntE', 605.00, '2022-10-16 16:07:17', '2023-03-14 01:28:30'),
(127, 1, 1, 37, NULL, '14', 14, '557480', NULL, 2, '3fHZ7rZ3tx', 518.00, '2022-11-12 07:26:15', '2023-03-14 01:28:30'),
(128, 1, 1, 45, NULL, '11', 12, '826963', NULL, 3, 'FZhvjAGhbN', 103.00, '2023-01-21 10:42:41', '2023-03-14 01:28:30'),
(129, 1, 1, 45, NULL, '22', 9, '220026', NULL, 3, 'fiwa5gyrI5', 392.00, '2023-02-12 09:31:40', '2023-03-14 01:28:30'),
(130, 1, 1, 40, NULL, '18', 7, '477734', NULL, 3, 'YRjwAOlmmd', 825.00, '2023-03-10 21:38:17', '2023-03-14 01:28:30'),
(131, 1, 1, 43, NULL, '2', 3, '430392', NULL, 3, '1lpF2Nhq8z', 700.00, '2022-12-03 21:11:27', '2023-03-14 01:28:30'),
(132, 1, 1, 44, NULL, '15', 13, '653078', NULL, 2, 'oRaIpEYN4I', 255.00, '2023-01-07 14:11:17', '2023-03-14 01:28:30'),
(133, 1, 1, 35, NULL, '13', 14, '480609', NULL, 2, '1m2QczjO73', 212.00, '2023-02-26 16:59:52', '2023-03-14 01:28:30'),
(134, 1, 1, 45, NULL, '19', 4, '353401', NULL, 1, 'vmiJahsa1Q', 330.00, '2022-12-08 21:25:01', '2023-03-14 01:28:30'),
(135, 1, 1, 41, NULL, '1', 14, '904103', NULL, 3, 'lwxvgbLbz2', 549.00, '2023-03-09 22:05:11', '2023-03-14 01:28:30'),
(136, 1, 1, 38, NULL, '4', 8, '676674', NULL, 1, 'CQ0A2L3dv5', 671.00, '2023-01-08 09:30:44', '2023-03-14 01:28:30'),
(137, 1, 1, 35, NULL, '1', 6, '383797', NULL, 1, 'TcHMauzPrD', 555.00, '2023-01-25 09:20:19', '2023-03-14 01:28:30'),
(138, 1, 1, 37, NULL, '7', 5, '183249', NULL, 2, 'Gq7hmORtNM', 375.00, '2022-09-15 13:16:15', '2023-03-14 01:28:30'),
(139, 1, 1, 37, NULL, '15', 15, '713133', NULL, 2, 'r49r30THH3', 420.00, '2022-10-24 12:31:19', '2023-03-14 01:28:30'),
(140, 1, 1, 40, NULL, '16', 8, '622662', NULL, 2, 'ejSbWiiQT8', 795.00, '2022-08-30 10:29:47', '2023-03-14 01:28:30'),
(141, 1, 1, 37, NULL, '11', 14, '665964', NULL, 3, '3zWTIw0XsQ', 658.00, '2023-01-20 15:04:32', '2023-03-14 01:28:30'),
(142, 1, 1, 45, NULL, '19', 16, '556909', NULL, 3, 'DfAvfnVQzr', 623.00, '2022-05-21 05:51:46', '2023-03-14 01:28:30'),
(143, 1, 1, 36, NULL, '16', 8, '402025', NULL, 3, 'FF4bKptsZK', 918.00, '2023-02-11 17:37:50', '2023-03-14 01:28:30'),
(144, 1, 1, 36, NULL, '17', 8, '737020', NULL, 2, 'Mmow4N5jAQ', 625.00, '2022-11-21 04:40:10', '2023-03-14 01:28:30'),
(145, 1, 1, 41, NULL, '12', 7, '881566', NULL, 3, 'lWhvJyOiy0', 827.00, '2023-02-04 12:31:57', '2023-03-14 01:28:30'),
(146, 1, 1, 45, NULL, '3', 12, '277636', NULL, 1, 'nFXG3GyDwK', 831.00, '2023-02-26 14:06:50', '2023-03-14 01:28:30'),
(147, 1, 1, 41, NULL, '23', 4, '621955', NULL, 1, 'uXfTqymO60', 944.00, '2023-01-25 10:04:23', '2023-03-14 01:28:30'),
(148, 1, 1, 40, NULL, '17', 3, '720877', NULL, 3, 'cudNvtJvEA', 715.00, '2023-03-13 21:14:41', '2023-03-14 01:28:30'),
(149, 1, 1, 42, NULL, '13', 9, '285677', NULL, 1, 'vLeVfA2e3F', 969.00, '2022-10-03 19:27:33', '2023-03-14 01:28:30'),
(150, 1, 1, 37, NULL, '17', 16, '421014', NULL, 1, 'GGOJCiNvdp', 456.00, '2022-12-12 10:35:28', '2023-03-14 01:28:30'),
(151, 1, 1, 41, NULL, '6', 15, '974066', NULL, 2, 'zaGbgcqtxl', 711.00, '2022-04-10 22:18:27', '2023-03-14 01:28:30'),
(152, 1, 1, 38, NULL, '23', 13, '300878', NULL, 3, 'ZPEffb5GJf', 559.00, '2022-07-11 03:47:58', '2023-03-14 01:28:30'),
(153, 1, 1, 38, NULL, '8', 13, '955293', NULL, 3, 'BzHJksTqlD', 216.00, '2022-11-17 08:15:14', '2023-03-14 01:28:30'),
(154, 1, 1, 40, NULL, '7', 13, '182275', NULL, 3, '4RiONPwWha', 703.00, '2023-02-26 22:22:14', '2023-03-14 01:28:30'),
(155, 1, 1, 35, NULL, '15', 14, '998960', NULL, 2, 'NFX8p2vYKN', 153.00, '2023-02-05 00:01:20', '2023-03-14 01:28:30'),
(156, 1, 1, 35, NULL, '19', 14, '380138', NULL, 1, '0ySqeox3SP', 899.00, '2022-09-22 07:37:24', '2023-03-14 01:28:30'),
(157, 1, 1, 35, NULL, '13', 15, '432500', NULL, 2, 'EE6PyKx0GL', 661.00, '2022-08-30 01:38:41', '2023-03-14 01:28:30'),
(158, 1, 1, 44, NULL, '9', 11, '641553', NULL, 2, '17uEsWUnnv', 638.00, '2022-09-05 21:19:18', '2023-03-14 01:28:30'),
(159, 1, 1, 43, NULL, '22', 4, '519803', NULL, 3, 'Ra9cPh53ja', 400.00, '2023-01-05 02:16:38', '2023-03-14 01:28:30'),
(160, 1, 1, 35, NULL, '14', 3, '906473', NULL, 1, 'vf09IVhu8A', 143.00, '2022-09-07 22:40:33', '2023-03-14 01:28:30'),
(161, 1, 1, 41, NULL, '8', 3, '543923', NULL, 1, 'Xv7bPXQr6K', 393.00, '2022-08-18 20:54:48', '2023-03-14 01:28:30'),
(162, 1, 1, 42, NULL, '18', 3, '193149', NULL, 2, 'Nlma5sg6xk', 421.00, '2022-12-31 04:36:13', '2023-03-14 01:28:30'),
(163, 1, 1, 41, NULL, '16', 10, '280664', NULL, 3, 'JycfACkuiF', 879.00, '2023-01-25 00:01:03', '2023-03-14 01:28:30'),
(164, 1, 1, 40, NULL, '4', 4, '707339', NULL, 3, 'lxul3q37c7', 859.00, '2022-12-18 01:52:51', '2023-03-14 01:28:30'),
(165, 1, 1, 37, NULL, '12', 6, '391177', NULL, 1, 'VZ4ubnC2TF', 928.00, '2022-11-20 06:08:11', '2023-03-14 01:28:30'),
(166, 1, 1, 42, NULL, '8', 16, '462156', NULL, 2, '1kuwUzKAlH', 921.00, '2023-01-07 07:46:13', '2023-03-14 01:28:30'),
(167, 1, 1, 37, NULL, '18', 14, '873665', NULL, 1, 'SEkbKRNTk8', 331.00, '2023-03-02 20:56:07', '2023-03-14 01:28:30'),
(168, 1, 1, 38, NULL, '5', 16, '242103', NULL, 3, 'ntlFUKLFPK', 372.00, '2022-09-02 01:04:39', '2023-03-14 01:28:30'),
(169, 1, 1, 45, NULL, '14', 14, '650448', NULL, 1, 'tGjaSK4EqR', 338.00, '2023-03-08 06:07:00', '2023-03-14 01:28:30'),
(170, 1, 1, 41, NULL, '6', 5, '893929', NULL, 2, 'RumsBbUB94', 654.00, '2022-10-14 15:42:18', '2023-03-14 01:28:30'),
(171, 1, 1, 43, NULL, '6', 11, '326525', NULL, 2, 'FPMIvEobwn', 646.00, '2022-04-19 13:07:05', '2023-03-14 01:28:30'),
(172, 1, 1, 37, NULL, '5', 15, '214732', NULL, 2, 'LqZLsUBxWF', 869.00, '2023-03-13 17:24:58', '2023-03-14 01:28:30'),
(173, 1, 1, 42, NULL, '23', 12, '444588', NULL, 1, 'nPRKBAAmqy', 771.00, '2022-11-03 16:25:53', '2023-03-14 01:28:30'),
(174, 1, 1, 43, NULL, '5', 10, '445460', NULL, 1, '7TGrhb7zwQ', 397.00, '2023-03-08 10:04:32', '2023-03-14 01:28:30'),
(175, 1, 1, 36, NULL, '14', 7, '694232', NULL, 1, 'O1nZQ5Ykz3', 566.00, '2023-02-02 07:42:51', '2023-03-14 01:28:30'),
(176, 1, 1, 39, NULL, '13', 16, '236732', NULL, 2, 'pFq99s4eL8', 756.00, '2022-12-03 15:09:42', '2023-03-14 01:28:30'),
(177, 1, 1, 39, NULL, '3', 16, '308189', NULL, 1, '4KInnATkqD', 972.00, '2022-09-16 10:16:56', '2023-03-14 01:28:30'),
(178, 1, 1, 40, NULL, '6', 13, '786721', NULL, 3, 'h1csjADV1Q', 430.00, '2023-03-10 01:41:43', '2023-03-14 01:28:30'),
(179, 1, 1, 37, NULL, '21', 15, '940235', NULL, 3, '0OUodxJJul', 679.00, '2023-03-10 16:56:19', '2023-03-14 01:28:30'),
(180, 1, 1, 43, NULL, '11', 6, '175217', NULL, 3, 'z9rmm8IDA7', 870.00, '2023-03-07 05:31:57', '2023-03-14 01:28:30'),
(181, 1, 1, 38, NULL, '3', 7, '853952', NULL, 3, 'QjId2jiDF0', 330.00, '2022-07-03 06:03:32', '2023-03-14 01:28:30'),
(182, 1, 1, 41, NULL, '6', 15, '271767', NULL, 3, 't7jhq5AhoV', 675.00, '2022-08-11 13:16:38', '2023-03-14 01:28:30'),
(183, 1, 1, 39, NULL, '7', 15, '369850', NULL, 1, 'JSLUkc9ghP', 371.00, '2023-01-31 22:38:08', '2023-03-14 01:28:30'),
(184, 1, 1, 44, NULL, '21', 11, '416472', NULL, 3, 'GGxq0Zfff1', 495.00, '2023-01-26 08:19:49', '2023-03-14 01:28:30'),
(185, 1, 1, 43, NULL, '21', 13, '694815', NULL, 3, 'ptZ7jwcO9X', 589.00, '2023-02-24 12:56:44', '2023-03-14 01:28:30'),
(186, 1, 1, 43, NULL, '10', 15, '376112', NULL, 2, 'y7x2Aqyr4C', 750.00, '2023-02-15 23:35:43', '2023-03-14 01:28:30'),
(187, 1, 1, 41, NULL, '13', 15, '998248', NULL, 3, 'UXptNHfbK0', 475.00, '2023-02-22 08:04:40', '2023-03-14 01:28:30'),
(188, 1, 1, 35, NULL, '2', 9, '396088', NULL, 3, 'S59smk1rth', 698.00, '2023-03-07 23:37:49', '2023-03-14 01:28:30'),
(189, 1, 1, 42, NULL, '12', 11, '723715', NULL, 1, 'RgVlGXFRqp', 368.00, '2022-12-21 22:15:12', '2023-03-14 01:28:30'),
(190, 1, 1, 43, NULL, '17', 11, '268706', NULL, 2, 'U7l0VE74CI', 960.00, '2023-02-23 08:11:42', '2023-03-14 01:28:30'),
(191, 1, 1, 39, NULL, '4', 10, '275291', NULL, 2, 'XoL864xrMB', 917.00, '2023-01-17 20:03:23', '2023-03-14 01:28:30'),
(192, 1, 1, 37, NULL, '11', 14, '910756', NULL, 3, '4ruwnXXfBR', 956.00, '2023-02-23 13:53:01', '2023-03-14 01:28:30'),
(193, 1, 1, 41, NULL, '3', 4, '954602', NULL, 3, 'F3BnP0xiq1', 193.00, '2023-03-11 19:46:38', '2023-03-14 01:28:30'),
(194, 1, 1, 36, NULL, '8', 15, '740072', NULL, 2, 'mZo3IdCukF', 508.00, '2023-02-25 09:21:41', '2023-03-14 01:28:30'),
(195, 1, 1, 39, NULL, '9', 10, '969741', NULL, 3, 'W2B5NDLnCh', 924.00, '2023-03-10 13:41:20', '2023-03-14 01:28:30'),
(196, 1, 1, 37, NULL, '18', 10, '362548', NULL, 1, 'RUDfx3VaDx', 655.00, '2023-03-04 11:23:11', '2023-03-14 01:28:30'),
(197, 1, 1, 39, NULL, '21', 13, '441753', NULL, 3, 'Ph0hJeoikP', 311.00, '2022-07-09 18:13:32', '2023-03-14 01:28:30'),
(198, 1, 1, 35, NULL, '13', 14, '334156', NULL, 3, 'E8ohsy09a9', 758.00, '2023-03-01 10:38:23', '2023-03-14 01:28:30'),
(199, 1, 1, 42, NULL, '9', 10, '143264', NULL, 3, 'yhjORqjVsv', 351.00, '2023-02-04 15:27:33', '2023-03-14 01:28:30'),
(200, 1, 1, 40, NULL, '14', 8, '404147', NULL, 3, 'ioTVbGdlvE', 236.00, '2022-10-05 16:47:26', '2023-03-14 01:28:30'),
(201, 1, 1, 35, NULL, '19', 4, '336582', NULL, 2, 'KxghntwnE6', 595.00, '2023-03-07 01:26:09', '2023-03-14 01:28:30'),
(202, 1, 1, 36, NULL, '2', 7, '698499', NULL, 3, 'tZNSiyOSjz', 911.00, '2022-11-22 07:02:47', '2023-03-14 01:28:30'),
(203, 1, 1, 41, NULL, '10', 11, '664240', NULL, 2, 'yEWtneTmfj', 794.00, '2022-12-01 23:10:26', '2023-03-14 01:28:30'),
(204, 1, 1, 36, NULL, '6', 14, '353350', NULL, 1, '0GkNK5rLw7', 538.00, '2022-12-14 06:39:13', '2023-03-14 01:28:30'),
(205, 1, 1, 41, NULL, '9', 8, '527258', NULL, 3, 'iiwomnkHv9', 154.00, '2022-06-19 12:24:11', '2023-03-14 01:28:30'),
(206, 1, 1, 45, NULL, '8', 5, '881107', NULL, 2, 'voI5uSGhFI', 646.00, '2023-03-10 18:46:45', '2023-03-14 01:28:30'),
(207, 1, 1, 43, NULL, '2', 16, '432172', NULL, 1, 'fenEPvHByn', 202.00, '2022-11-12 16:12:28', '2023-03-14 01:28:30'),
(208, 1, 1, 38, NULL, '6', 10, '554769', NULL, 2, 'ECoVJloiBd', 379.00, '2022-12-18 15:28:35', '2023-03-14 01:28:30'),
(209, 1, 1, 41, NULL, '8', 11, '930203', NULL, 1, 'YPX4i5HzRB', 477.00, '2022-08-14 21:14:21', '2023-03-14 01:28:30'),
(210, 1, 1, 35, NULL, '20', 6, '122560', NULL, 3, 'xqVzsZSIES', 662.00, '2022-08-27 17:33:26', '2023-03-14 01:28:30'),
(211, 1, 1, 44, NULL, '21', 5, '190005', NULL, 1, 'gfkwgoBv0v', 793.00, '2023-02-15 13:42:40', '2023-03-14 01:28:30'),
(212, 1, 1, 39, NULL, '1', 6, '638544', NULL, 3, '6u3hqYN7M3', 844.00, '2022-11-05 23:37:04', '2023-03-14 01:28:30'),
(213, 1, 1, 37, NULL, '16', 3, '128001', NULL, 1, 'KDGLj4inps', 246.00, '2023-03-03 10:23:42', '2023-03-14 01:28:30'),
(214, 1, 1, 45, NULL, '12', 3, '911366', NULL, 2, 'delaJ6m4Fs', 210.00, '2023-03-13 09:36:32', '2023-03-14 01:28:30'),
(215, 1, 1, 42, NULL, '23', 6, '221035', NULL, 3, 'r8BNRb5ClA', 152.00, '2023-02-03 17:00:02', '2023-03-14 01:28:30'),
(216, 1, 1, 36, NULL, '5', 9, '324826', NULL, 1, '4t2vRaoaMD', 444.00, '2022-05-23 07:16:54', '2023-03-14 01:28:30'),
(217, 1, 1, 41, NULL, '5', 7, '138920', NULL, 1, 'QrQKXlNbqa', 225.00, '2022-06-10 04:53:40', '2023-03-14 01:28:30'),
(218, 1, 1, 35, NULL, '7', 13, '479564', NULL, 2, 'PZ4NO0Td5Y', 357.00, '2023-03-12 16:17:36', '2023-03-14 01:28:30'),
(219, 1, 1, 40, NULL, '23', 16, '219561', NULL, 1, 'UDqJbGjmy0', 900.00, '2022-09-16 07:03:17', '2023-03-14 01:28:30'),
(220, 1, 1, 39, NULL, '3', 16, '904901', NULL, 2, 'AvTmvY8t4y', 421.00, '2022-09-28 13:37:20', '2023-03-14 01:28:30'),
(221, 1, 1, 42, NULL, '20', 9, '475566', NULL, 2, 'n2P2p5tpou', 166.00, '2022-11-30 20:53:12', '2023-03-14 01:28:30'),
(222, 1, 1, 36, NULL, '11', 6, '702770', NULL, 2, 'mkqYoNY6Bc', 646.00, '2022-07-18 02:51:32', '2023-03-14 01:28:30'),
(223, 1, 1, 43, NULL, '5', 8, '329231', NULL, 1, '5BbvvP9y0Q', 323.00, '2023-01-24 10:32:11', '2023-03-14 01:28:30'),
(224, 1, 1, 43, NULL, '22', 7, '461767', NULL, 1, 'rh3tQKLnsb', 573.00, '2023-03-02 18:04:09', '2023-03-14 01:28:30'),
(225, 1, 1, 37, NULL, '18', 4, '948309', NULL, 2, 'WjveewKUnL', 423.00, '2022-12-08 01:36:42', '2023-03-14 01:28:30'),
(226, 1, 1, 45, NULL, '11', 15, '940707', NULL, 2, 'CLRSQ7Gd3n', 870.00, '2023-03-03 18:42:52', '2023-03-14 01:28:30'),
(227, 1, 1, 38, NULL, '19', 7, '232079', NULL, 3, 'ioMDouYxtK', 169.00, '2023-03-06 02:30:05', '2023-03-14 01:28:30'),
(228, 1, 1, 36, NULL, '20', 7, '333031', NULL, 2, 'IT0E8RgATp', 315.00, '2023-01-31 19:06:24', '2023-03-14 01:28:30'),
(229, 1, 1, 45, NULL, '3', 15, '847679', NULL, 1, 'EVBfmZ5JCX', 147.00, '2022-12-06 09:54:36', '2023-03-14 01:28:30'),
(230, 1, 1, 38, NULL, '14', 14, '937022', NULL, 1, 'od8dazbnyy', 996.00, '2022-09-11 00:19:06', '2023-03-14 01:28:30'),
(231, 1, 1, 44, NULL, '16', 3, '420312', NULL, 1, 'nOEXsGuD9A', 666.00, '2023-02-22 04:43:35', '2023-03-14 01:28:30'),
(232, 1, 1, 40, NULL, '20', 11, '251991', NULL, 2, 'HIQjG9xv5f', 980.00, '2022-10-07 11:54:43', '2023-03-14 01:28:30'),
(233, 1, 1, 38, NULL, '13', 6, '402219', NULL, 1, '3C1fBi01A4', 884.00, '2022-09-26 20:51:50', '2023-03-14 01:28:30'),
(234, 1, 1, 40, NULL, '8', 10, '215116', NULL, 3, 'bgYEleOSwb', 688.00, '2022-09-07 22:44:28', '2023-03-14 01:28:30'),
(235, 1, 1, 41, NULL, '18', 3, '236065', NULL, 1, 'fm5eOrW0HX', 962.00, '2022-12-31 23:52:30', '2023-03-14 01:28:30'),
(236, 1, 1, 39, NULL, '3', 3, '982878', NULL, 2, 'nvqqn6FG75', 783.00, '2022-11-03 08:14:28', '2023-03-14 01:28:30'),
(237, 1, 1, 37, NULL, '6', 15, '956210', NULL, 1, '4H9Xqy3RFy', 734.00, '2023-03-07 17:49:54', '2023-03-14 01:28:30'),
(238, 1, 1, 42, NULL, '13', 13, '530334', NULL, 3, 'jIKnTTsCYq', 397.00, '2023-02-25 17:00:29', '2023-03-14 01:28:30'),
(239, 1, 1, 35, NULL, '18', 7, '420343', NULL, 3, 'H2vRYZRoqa', 198.00, '2023-01-31 03:19:02', '2023-03-14 01:28:30'),
(240, 1, 1, 43, NULL, '14', 9, '168539', NULL, 3, 'bSMJqPLQ3y', 595.00, '2023-03-08 10:20:02', '2023-03-14 01:28:30'),
(241, 1, 1, 38, NULL, '5', 6, '544834', NULL, 1, 'wts4Xb0kHq', 824.00, '2023-03-03 15:28:58', '2023-03-14 01:28:30'),
(242, 1, 1, 43, NULL, '11', 3, '660602', NULL, 2, 'kGvoOPxeK1', 873.00, '2023-03-06 22:58:01', '2023-03-14 01:28:30'),
(243, 1, 1, 40, NULL, '7', 9, '659060', NULL, 3, 'J0LNKML9zS', 937.00, '2023-02-28 11:39:48', '2023-03-14 01:28:30'),
(244, 1, 1, 45, NULL, '23', 16, '548312', NULL, 3, 'Vw6q4eiUfh', 118.00, '2022-07-23 10:31:06', '2023-03-14 01:28:30'),
(245, 1, 1, 39, NULL, '15', 4, '491695', NULL, 1, 'Aosh1tO7mS', 331.00, '2023-03-10 12:45:22', '2023-03-14 01:28:30'),
(246, 1, 1, 36, NULL, '2', 11, '891631', NULL, 2, 'q0606b800c', 653.00, '2022-12-10 17:55:44', '2023-03-14 01:28:30'),
(247, 1, 1, 38, NULL, '9', 13, '345010', NULL, 3, 'jqwOY7K6I7', 394.00, '2022-07-26 20:28:35', '2023-03-14 01:28:30'),
(248, 1, 1, 35, NULL, '11', 5, '314781', NULL, 1, 'N1iBKTf8dx', 400.00, '2023-03-05 06:45:15', '2023-03-14 01:28:30'),
(249, 1, 1, 43, NULL, '19', 15, '795691', NULL, 2, 'eXv32NAkq1', 753.00, '2023-01-29 22:29:17', '2023-03-14 01:28:30'),
(250, 1, 1, 35, NULL, '21', 11, '594091', NULL, 1, 'mEom63dt2l', 819.00, '2022-08-20 20:02:51', '2023-03-14 01:28:30'),
(251, 1, 1, 41, NULL, '18', 15, '726274', NULL, 2, 'CZtrxKRX1y', 797.00, '2023-03-05 11:02:43', '2023-03-14 01:28:30'),
(252, 1, 1, 35, NULL, '13', 16, '167274', NULL, 3, 'mvlpKIx2uj', 433.00, '2022-08-02 11:24:13', '2023-03-14 01:28:30'),
(253, 1, 1, 40, NULL, '6', 11, '664684', NULL, 2, 'CFeP6y4s4L', 837.00, '2023-03-13 20:23:04', '2023-03-14 01:28:30'),
(254, 1, 1, 45, NULL, '13', 6, '588291', NULL, 2, 'e9OHduaGPX', 780.00, '2022-12-11 06:31:05', '2023-03-14 01:28:30'),
(255, 1, 1, 42, NULL, '10', 7, '857463', NULL, 1, '9CvPOGNAQs', 671.00, '2023-03-02 13:20:39', '2023-03-14 01:28:30'),
(256, 1, 1, 41, NULL, '10', 6, '671120', NULL, 1, 'a6PcWkO7Zf', 592.00, '2022-12-24 00:33:55', '2023-03-14 01:28:30'),
(257, 1, 1, 41, NULL, '13', 13, '864017', NULL, 1, '0y21N9gUbK', 462.00, '2023-02-23 01:21:55', '2023-03-14 01:28:30'),
(258, 1, 1, 37, NULL, '4', 15, '655781', NULL, 2, 'LIz8JcBHyn', 486.00, '2022-09-09 18:03:44', '2023-03-14 01:28:30'),
(259, 1, 1, 42, NULL, '12', 16, '538133', NULL, 2, '2APJ9OxFKL', 255.00, '2022-08-22 19:59:13', '2023-03-14 01:28:30'),
(260, 1, 1, 39, NULL, '8', 11, '318444', NULL, 1, 'OlU5GuydY0', 709.00, '2022-09-29 09:55:00', '2023-03-14 01:28:30'),
(261, 1, 1, 35, NULL, '5', 16, '269757', NULL, 2, 'pxv50ohuOw', 300.00, '2022-06-25 02:11:46', '2023-03-14 01:28:30'),
(262, 1, 1, 44, NULL, '17', 4, '186644', NULL, 1, '63Elk0HCx2', 812.00, '2022-09-26 19:58:15', '2023-03-14 01:28:30'),
(263, 1, 1, 36, NULL, '22', 9, '631658', NULL, 2, 'H8I8YVH7Yb', 578.00, '2022-09-18 14:16:22', '2023-03-14 01:28:30'),
(264, 1, 1, 41, NULL, '6', 9, '671797', NULL, 3, 'CiWwe7LnvS', 278.00, '2022-05-12 16:53:44', '2023-03-14 01:28:30'),
(265, 1, 1, 43, NULL, '22', 10, '385218', NULL, 1, '0FCE5VGjrC', 169.00, '2023-03-02 21:06:16', '2023-03-14 01:28:30'),
(266, 1, 1, 36, NULL, '9', 4, '832721', NULL, 1, '154TLr5ErO', 566.00, '2023-02-18 09:57:17', '2023-03-14 01:28:30'),
(267, 1, 1, 37, NULL, '2', 16, '666424', NULL, 2, 'uy7oYpacB3', 939.00, '2022-12-18 21:13:40', '2023-03-14 01:28:30'),
(268, 1, 1, 42, NULL, '20', 13, '168612', NULL, 1, 'N65EFOp7BO', 104.00, '2023-03-09 22:25:19', '2023-03-14 01:28:30'),
(269, 1, 1, 41, NULL, '23', 4, '181997', NULL, 2, 'Mp7MnTlrX6', 611.00, '2023-01-02 19:31:09', '2023-03-14 01:28:30'),
(270, 1, 1, 45, NULL, '1', 14, '326458', NULL, 1, '5rU09jWecn', 568.00, '2023-01-17 13:22:41', '2023-03-14 01:28:30'),
(271, 1, 1, 42, NULL, '15', 3, '725839', NULL, 3, '2dGpvT5Quj', 547.00, '2023-03-10 09:41:21', '2023-03-14 01:28:30'),
(272, 1, 1, 42, NULL, '23', 10, '800267', NULL, 3, 'SgaBI7NVbG', 886.00, '2022-11-09 17:35:51', '2023-03-14 01:28:30'),
(273, 1, 1, 43, NULL, '20', 13, '278837', NULL, 1, 'k3AKoWo8sm', 569.00, '2022-11-12 17:43:02', '2023-03-14 01:28:30'),
(274, 1, 1, 42, NULL, '10', 6, '917114', NULL, 2, 'ERz4OJDLn1', 261.00, '2023-03-11 01:12:39', '2023-03-14 01:28:30'),
(275, 1, 1, 39, NULL, '5', 4, '845439', NULL, 3, 'cY6vdjcaXs', 956.00, '2022-11-08 15:13:31', '2023-03-14 01:28:30'),
(276, 1, 1, 39, NULL, '2', 3, '497930', NULL, 3, 'wrsv1wF2eu', 851.00, '2023-02-27 03:43:34', '2023-03-14 01:28:30'),
(277, 1, 1, 36, NULL, '9', 10, '132973', NULL, 3, 'jfKnzBmU6u', 471.00, '2022-11-24 17:38:56', '2023-03-14 01:28:30'),
(278, 1, 1, 39, NULL, '12', 13, '762933', NULL, 3, 'OymTaMeMSD', 906.00, '2023-01-15 12:08:28', '2023-03-14 01:28:30'),
(279, 1, 1, 40, NULL, '21', 15, '444662', NULL, 3, 'TzOsiZq5yq', 208.00, '2022-10-31 12:26:50', '2023-03-14 01:28:30'),
(280, 1, 1, 37, NULL, '1', 14, '891724', NULL, 1, '3KJs2LRDLS', 414.00, '2023-03-08 06:28:39', '2023-03-14 01:28:30'),
(281, 1, 1, 44, NULL, '13', 15, '907667', NULL, 1, 'EZiC7Set4T', 213.00, '2022-11-05 18:41:16', '2023-03-14 01:28:30'),
(282, 1, 1, 35, NULL, '23', 13, '327382', NULL, 2, 'HUJadLENaf', 566.00, '2022-12-15 20:10:22', '2023-03-14 01:28:30'),
(283, 1, 1, 45, NULL, '14', 4, '519422', NULL, 2, 'LFpqRzegj8', 833.00, '2023-01-01 14:02:52', '2023-03-14 01:28:30'),
(284, 1, 1, 37, NULL, '7', 15, '492776', NULL, 3, 'ubvBxy18mi', 679.00, '2023-03-08 05:30:54', '2023-03-14 01:28:30'),
(285, 1, 1, 40, NULL, '16', 15, '920342', NULL, 3, 'q26e6ENUXi', 139.00, '2023-01-20 07:55:59', '2023-03-14 01:28:30'),
(286, 1, 1, 35, NULL, '18', 6, '337972', NULL, 2, 'JaL5oGf4C0', 296.00, '2023-02-22 11:54:34', '2023-03-14 01:28:30'),
(287, 1, 1, 36, NULL, '1', 4, '757230', NULL, 3, 'ObblR9rq2h', 482.00, '2022-06-21 16:45:26', '2023-03-14 01:28:30'),
(288, 1, 1, 42, NULL, '3', 13, '237814', NULL, 2, 'nqJ1oKmqHw', 226.00, '2022-10-20 22:58:27', '2023-03-14 01:28:30'),
(289, 1, 1, 40, NULL, '17', 5, '404071', NULL, 3, 'QNdo1XPbPD', 124.00, '2022-07-22 21:07:23', '2023-03-14 01:28:30'),
(290, 1, 1, 35, NULL, '6', 13, '181976', NULL, 1, 'B3WFo3ZifE', 392.00, '2022-11-05 21:11:42', '2023-03-14 01:28:30'),
(291, 1, 1, 38, NULL, '18', 9, '310582', NULL, 3, 'o8AgG14WVV', 347.00, '2022-11-20 22:04:42', '2023-03-14 01:28:30'),
(292, 1, 1, 40, NULL, '11', 6, '352239', NULL, 2, 'QiqzkWVQN5', 204.00, '2023-01-09 06:31:02', '2023-03-14 01:28:30'),
(293, 1, 1, 38, NULL, '14', 9, '453495', NULL, 3, 'MxKmO70yjv', 814.00, '2022-10-30 16:59:22', '2023-03-14 01:28:30'),
(294, 1, 1, 37, NULL, '23', 10, '636631', NULL, 3, 'KLya9WbEYi', 242.00, '2022-10-04 12:44:53', '2023-03-14 01:28:30'),
(295, 1, 1, 42, NULL, '9', 16, '482636', NULL, 1, '9F0h9g3HiC', 884.00, '2023-03-06 23:20:45', '2023-03-14 01:28:30'),
(296, 1, 1, 43, NULL, '3', 12, '192171', NULL, 2, 'gRDlMvsZNb', 956.00, '2023-01-08 21:38:05', '2023-03-14 01:28:30'),
(297, 1, 1, 39, NULL, '11', 7, '919301', NULL, 3, 'HWyoXM6b11', 447.00, '2022-09-16 21:43:30', '2023-03-14 01:28:30'),
(298, 1, 1, 37, NULL, '20', 15, '569234', NULL, 1, 'hsBO8D7053', 585.00, '2022-07-18 16:48:08', '2023-03-14 01:28:30'),
(299, 1, 1, 43, NULL, '7', 12, '206503', NULL, 1, 'nQHZnQ8N8K', 180.00, '2022-05-26 19:10:46', '2023-03-14 01:28:30'),
(300, 1, 1, 38, NULL, '6', 3, '404198', NULL, 1, 'aqFDXhpC1F', 846.00, '2023-01-30 14:50:29', '2023-03-14 01:28:30'),
(301, 1, 1, 38, NULL, '20', 14, '833901', NULL, 3, 'KhMXyQAgcj', 328.00, '2022-12-08 08:43:27', '2023-03-14 01:28:30'),
(302, 1, 1, 41, NULL, '14', 9, '241395', NULL, 3, 'QMalxbkw6y', 463.00, '2023-01-28 13:18:21', '2023-03-14 01:28:30'),
(303, 1, 1, 35, NULL, '3', 10, '752694', NULL, 2, 'XCy0ujjLUQ', 792.00, '2022-11-18 20:48:41', '2023-03-14 01:28:31'),
(304, 1, 1, 38, NULL, '9', 3, '245029', NULL, 2, 'TXKR2bPvkf', 625.00, '2023-01-25 16:19:11', '2023-03-14 01:28:31'),
(305, 1, 1, 35, NULL, '1', 10, '672069', NULL, 1, 'aBVLnJyOG5', 807.00, '2023-03-03 17:28:22', '2023-03-14 01:28:31'),
(306, 1, 1, 43, NULL, '13', 13, '562734', NULL, 3, 'nwTnckELI8', 413.00, '2023-01-01 09:18:33', '2023-03-14 01:28:31'),
(307, 1, 1, 36, NULL, '23', 16, '235895', NULL, 2, '3TZFbRZDpt', 209.00, '2022-10-28 18:51:26', '2023-03-14 01:28:31'),
(308, 1, 1, 38, NULL, '22', 9, '367617', NULL, 3, 'bI60yCpzQC', 646.00, '2022-10-13 10:12:46', '2023-03-14 01:28:31'),
(309, 1, 1, 38, NULL, '9', 16, '353497', NULL, 2, 'UhSOuXnFTr', 572.00, '2023-01-15 21:17:49', '2023-03-14 01:28:31'),
(310, 1, 1, 44, NULL, '19', 9, '201835', NULL, 2, 'X5530LWx7f', 618.00, '2022-07-27 00:26:42', '2023-03-14 01:28:31'),
(311, 1, 1, 39, NULL, '7', 3, '889362', NULL, 1, '7ZnuFOYVRo', 192.00, '2023-01-13 07:40:21', '2023-03-14 01:28:31'),
(312, 1, 1, 35, NULL, '12', 3, '865832', NULL, 3, 'g6FnqbHcn6', 667.00, '2023-01-13 19:49:49', '2023-03-14 01:28:31'),
(313, 1, 1, 36, NULL, '1', 15, '845925', NULL, 3, 'kFENHQINsB', 922.00, '2023-02-20 19:36:24', '2023-03-14 01:28:31'),
(314, 1, 1, 42, NULL, '18', 14, '486136', NULL, 1, 'nduycEy0lp', 435.00, '2022-11-15 17:34:16', '2023-03-14 01:28:31'),
(315, 1, 1, 37, NULL, '4', 3, '911277', NULL, 3, 'tx2nNxB7S4', 317.00, '2022-11-05 10:18:26', '2023-03-14 01:28:31'),
(316, 1, 1, 43, NULL, '7', 3, '925301', NULL, 3, 'bf7Mnt0Jj6', 993.00, '2022-12-30 23:48:28', '2023-03-14 01:28:31'),
(317, 1, 1, 36, NULL, '5', 13, '236177', NULL, 2, 'JViWhCtG2C', 463.00, '2023-03-08 08:31:56', '2023-03-14 01:28:31'),
(318, 1, 1, 37, NULL, '16', 16, '536255', NULL, 3, 'EDlE6sG6Pk', 534.00, '2022-09-08 05:14:34', '2023-03-14 01:28:31'),
(319, 1, 1, 44, NULL, '11', 6, '508354', NULL, 1, '1CN8vI1Xry', 913.00, '2023-03-14 01:28:15', '2023-03-14 01:28:31'),
(320, 1, 1, 41, NULL, '7', 12, '941387', NULL, 1, 'ZbYcNmn5I8', 528.00, '2023-03-09 05:19:27', '2023-03-14 01:28:31'),
(321, 1, 1, 41, NULL, '16', 15, '147101', NULL, 3, 'Jw8AyUy3Bo', 411.00, '2023-02-13 09:32:34', '2023-03-14 01:28:31'),
(322, 1, 1, 42, NULL, '4', 5, '908840', NULL, 3, 'Tou1FMSRDn', 358.00, '2022-10-31 18:42:19', '2023-03-14 01:28:31'),
(323, 1, 1, 39, NULL, '3', 10, '720873', NULL, 2, '24RZsoAEOz', 665.00, '2023-01-29 04:53:49', '2023-03-14 01:28:31'),
(324, 1, 1, 39, NULL, '9', 16, '606425', NULL, 1, 'ZGt6LDExzR', 567.00, '2023-02-28 13:27:42', '2023-03-14 01:28:31'),
(325, 1, 1, 41, NULL, '2', 15, '793771', NULL, 2, 'Y1pvvQ7fM4', 785.00, '2022-12-13 16:09:58', '2023-03-14 01:28:31'),
(326, 1, 1, 36, NULL, '8', 15, '355690', NULL, 1, 'ySpCOmw7mZ', 857.00, '2023-02-26 14:07:23', '2023-03-14 01:28:31'),
(327, 1, 1, 41, NULL, '8', 12, '349245', NULL, 2, '3ey6GF89q7', 541.00, '2022-11-22 21:06:30', '2023-03-14 01:28:31'),
(328, 1, 1, 41, NULL, '19', 4, '944957', NULL, 1, '1ijIMLxZgk', 141.00, '2023-02-17 18:01:02', '2023-03-14 01:28:31'),
(329, 1, 1, 41, NULL, '2', 5, '665478', NULL, 3, 'Ee1YYoJlEL', 175.00, '2022-11-30 17:44:12', '2023-03-14 01:28:31'),
(330, 1, 1, 45, NULL, '20', 11, '218130', NULL, 2, '0V1cE4RQlC', 324.00, '2022-12-28 14:04:35', '2023-03-14 01:28:31'),
(331, 1, 1, 42, NULL, '23', 10, '321571', NULL, 3, 'l4LipUgOA2', 237.00, '2023-03-13 18:01:27', '2023-03-14 01:28:31'),
(332, 1, 1, 36, NULL, '12', 12, '173458', NULL, 2, 'IcSZoO5wCQ', 313.00, '2023-02-06 14:14:00', '2023-03-14 01:28:31'),
(333, 1, 1, 36, NULL, '6', 11, '704739', NULL, 2, 'fz21KYHv1P', 190.00, '2022-09-03 08:39:31', '2023-03-14 01:28:31'),
(334, 1, 1, 41, NULL, '4', 3, '593099', NULL, 2, 'ppWUu4judu', 821.00, '2023-02-21 13:56:36', '2023-03-14 01:28:31'),
(335, 1, 1, 35, NULL, '10', 12, '522033', NULL, 2, 'CkAJx3DBfR', 349.00, '2022-08-23 14:43:04', '2023-03-14 01:28:31'),
(336, 1, 1, 42, NULL, '1', 14, '807609', NULL, 2, 'RXOhsZUQn9', 250.00, '2023-01-22 14:17:06', '2023-03-14 01:28:31'),
(337, 1, 1, 38, NULL, '5', 16, '946977', NULL, 3, 'PpK55qI2wj', 320.00, '2023-02-03 22:03:28', '2023-03-14 01:28:31'),
(338, 1, 1, 36, NULL, '12', 16, '947949', NULL, 3, 'CmnuqPT2Qw', 623.00, '2022-06-23 20:12:50', '2023-03-14 01:28:31'),
(339, 1, 1, 39, NULL, '18', 9, '518034', NULL, 1, 'QFK2JDCLPl', 277.00, '2023-02-28 13:51:52', '2023-03-14 01:28:31'),
(340, 1, 1, 38, NULL, '3', 14, '678985', NULL, 2, 'xxjZVFyIE9', 784.00, '2022-06-25 17:23:34', '2023-03-14 01:28:31'),
(341, 1, 1, 35, NULL, '23', 10, '189440', NULL, 1, 'fS90AhzJxA', 372.00, '2023-02-01 17:56:21', '2023-03-14 01:28:31'),
(342, 1, 1, 40, NULL, '11', 3, '424892', NULL, 1, 'Mx2FkXXpea', 775.00, '2023-02-25 13:32:21', '2023-03-14 01:28:31'),
(343, 1, 1, 38, NULL, '17', 10, '382128', NULL, 3, '4zfZDouMCe', 845.00, '2023-01-11 22:44:23', '2023-03-14 01:28:31'),
(344, 1, 1, 39, NULL, '10', 14, '891427', NULL, 3, 'Tc9U3aOCLa', 185.00, '2023-01-11 15:23:22', '2023-03-14 01:28:31'),
(345, 1, 1, 43, NULL, '12', 5, '123756', NULL, 1, '5gcFhx9XF1', 952.00, '2023-01-31 17:39:30', '2023-03-14 01:28:31'),
(346, 1, 1, 41, NULL, '16', 9, '933328', NULL, 2, 'OzuTi9UmDN', 642.00, '2022-11-13 05:14:35', '2023-03-14 01:28:31'),
(347, 1, 1, 40, NULL, '21', 10, '464648', NULL, 3, 'do9cTn6wM0', 201.00, '2022-12-08 07:55:00', '2023-03-14 01:28:31'),
(348, 1, 1, 42, NULL, '8', 7, '812679', NULL, 2, 'OrgYFjo1T4', 195.00, '2022-09-28 03:20:42', '2023-03-14 01:28:31'),
(349, 1, 1, 41, NULL, '22', 5, '374231', NULL, 3, 'kEuJVmfZVX', 345.00, '2022-11-27 10:35:36', '2023-03-14 01:28:31'),
(350, 1, 1, 38, NULL, '4', 11, '955618', NULL, 3, '008pui2Hq5', 561.00, '2022-10-28 18:57:17', '2023-03-14 01:28:31'),
(351, 1, 1, 38, NULL, '9', 5, '949606', NULL, 2, 'XUXYZuae93', 725.00, '2023-02-25 06:58:14', '2023-03-14 01:28:31'),
(352, 1, 1, 35, NULL, '22', 6, '652575', NULL, 1, 'kkY2ockEUl', 884.00, '2022-06-27 09:46:59', '2023-03-14 01:28:31'),
(353, 1, 1, 39, NULL, '22', 6, '364529', NULL, 3, 's4VO7FmIch', 572.00, '2023-03-13 20:10:56', '2023-03-14 01:28:31'),
(354, 1, 1, 39, NULL, '9', 12, '872718', NULL, 2, 'B3KyKbpnxm', 388.00, '2022-08-12 03:21:55', '2023-03-14 01:28:31'),
(355, 1, 1, 35, NULL, '12', 3, '541304', NULL, 2, '6EBW0dbCy6', 625.00, '2022-10-05 15:40:18', '2023-03-14 01:28:31'),
(356, 1, 1, 43, NULL, '10', 7, '329880', NULL, 2, 'ynr6kWwLDv', 590.00, '2022-11-01 03:05:31', '2023-03-14 01:28:31'),
(357, 1, 1, 36, NULL, '19', 12, '260418', NULL, 3, '1RLa2nVDSp', 733.00, '2023-03-13 12:25:17', '2023-03-14 01:28:31'),
(358, 1, 1, 35, NULL, '8', 8, '821129', NULL, 2, 'aHu8mLsnGr', 797.00, '2023-02-19 18:34:03', '2023-03-14 01:28:31'),
(359, 1, 1, 41, NULL, '12', 14, '345017', NULL, 1, '98EOMMfxc7', 380.00, '2023-01-29 12:33:32', '2023-03-14 01:28:31'),
(360, 1, 1, 39, NULL, '16', 6, '938998', NULL, 2, 'CXXVwK9UVZ', 300.00, '2022-09-01 07:04:44', '2023-03-14 01:28:31'),
(361, 1, 1, 38, NULL, '15', 8, '573371', NULL, 3, 'eAgxsiTVWY', 573.00, '2022-11-02 03:27:22', '2023-03-14 01:28:31'),
(362, 1, 1, 37, NULL, '21', 11, '139859', NULL, 2, 'hTwpxF5Ebk', 549.00, '2023-03-05 01:21:40', '2023-03-14 01:28:31'),
(363, 1, 1, 41, NULL, '15', 3, '939797', NULL, 2, '0SCjdwt9CS', 247.00, '2023-01-27 05:20:04', '2023-03-14 01:28:31'),
(364, 1, 1, 41, NULL, '1', 6, '528976', NULL, 3, '9fmrIz7a6O', 875.00, '2022-12-05 18:34:54', '2023-03-14 01:28:31'),
(365, 1, 1, 39, NULL, '2', 11, '531114', NULL, 2, 'hxkomUNCbt', 796.00, '2023-02-28 17:40:35', '2023-03-14 01:28:31'),
(366, 1, 1, 40, NULL, '21', 9, '698322', NULL, 1, 'yRvvxK9wt4', 800.00, '2022-10-09 12:52:27', '2023-03-14 01:28:31'),
(367, 1, 1, 45, NULL, '5', 12, '927558', NULL, 1, '6YLuYx3XxP', 663.00, '2022-11-28 18:33:17', '2023-03-14 01:28:31'),
(368, 1, 1, 41, NULL, '7', 11, '341408', NULL, 2, 'AE25MpeAGB', 255.00, '2022-04-15 03:31:04', '2023-03-14 01:28:31'),
(369, 1, 1, 43, NULL, '5', 14, '454579', NULL, 3, 'IEf2KLgxqJ', 813.00, '2022-08-27 04:50:16', '2023-03-14 01:28:31'),
(370, 1, 1, 37, NULL, '22', 9, '746941', NULL, 3, 'ePFRIQE67n', 172.00, '2023-01-01 23:27:58', '2023-03-14 01:28:31'),
(371, 1, 1, 36, NULL, '10', 7, '410713', NULL, 3, 'RhFuEY0Qgh', 917.00, '2022-10-06 13:48:58', '2023-03-14 01:28:31'),
(372, 1, 1, 45, NULL, '14', 5, '422962', NULL, 1, 'UzEf5nZ0Pb', 389.00, '2022-11-17 22:18:06', '2023-03-14 01:28:31'),
(373, 1, 1, 42, NULL, '19', 8, '451775', NULL, 2, 'Eqruwsm08h', 737.00, '2023-01-08 02:07:08', '2023-03-14 01:28:31'),
(374, 1, 1, 43, NULL, '11', 11, '835041', NULL, 3, 'ESjb2TWpSv', 247.00, '2022-11-19 06:21:14', '2023-03-14 01:28:31'),
(375, 1, 1, 43, NULL, '16', 14, '307694', NULL, 3, 'ZFIxolx8o4', 596.00, '2022-06-27 15:07:14', '2023-03-14 01:28:31'),
(376, 1, 1, 40, NULL, '9', 15, '793196', NULL, 3, 'ElL07GbEl1', 291.00, '2022-11-12 16:35:31', '2023-03-14 01:28:31'),
(377, 1, 1, 43, NULL, '8', 6, '437184', NULL, 1, 'lrhQqTkf3y', 583.00, '2023-03-12 13:57:30', '2023-03-14 01:28:31'),
(378, 1, 1, 44, NULL, '4', 14, '267566', NULL, 2, 'x825D9b6wr', 412.00, '2023-02-25 14:00:59', '2023-03-14 01:28:31'),
(379, 1, 1, 43, NULL, '5', 14, '339378', NULL, 1, '9zBB179uXe', 403.00, '2023-01-06 07:47:26', '2023-03-14 01:28:31'),
(380, 1, 1, 39, NULL, '12', 6, '210423', NULL, 2, 'o1vyFhORGq', 492.00, '2022-08-19 04:31:40', '2023-03-14 01:28:31'),
(381, 1, 1, 42, NULL, '20', 16, '377459', NULL, 3, 'VNJDBpswAA', 128.00, '2022-12-01 20:57:10', '2023-03-14 01:28:31'),
(382, 1, 1, 37, NULL, '11', 15, '448164', NULL, 1, 'VeAXr7nge6', 444.00, '2022-08-31 05:50:03', '2023-03-14 01:28:31'),
(383, 1, 1, 45, NULL, '19', 16, '425844', NULL, 3, 'UM86gm4s1l', 857.00, '2022-12-21 20:56:32', '2023-03-14 01:28:31'),
(384, 1, 1, 43, NULL, '12', 4, '616771', NULL, 2, 'e0cCTzY2Hg', 545.00, '2022-12-05 09:07:51', '2023-03-14 01:28:31'),
(385, 1, 1, 44, NULL, '14', 5, '405099', NULL, 1, 'jkmUi5xq5g', 514.00, '2022-12-09 23:39:05', '2023-03-14 01:28:31'),
(386, 1, 1, 43, NULL, '22', 4, '856440', NULL, 3, 'n2H81fgJ7F', 203.00, '2023-02-10 17:25:01', '2023-03-14 01:28:31'),
(387, 1, 1, 38, NULL, '6', 10, '190741', NULL, 2, 'aL9he5BfTL', 126.00, '2023-02-13 00:46:04', '2023-03-14 01:28:31'),
(388, 1, 1, 44, NULL, '6', 8, '898412', NULL, 1, 'NQu6XHsOhx', 348.00, '2022-12-21 05:09:50', '2023-03-14 01:28:31'),
(389, 1, 1, 43, NULL, '18', 6, '611412', NULL, 3, '9kK2nMqAj1', 940.00, '2022-11-13 16:07:00', '2023-03-14 01:28:31'),
(390, 1, 1, 42, NULL, '19', 13, '509020', NULL, 3, '9KURxlAA7x', 834.00, '2023-03-10 23:29:04', '2023-03-14 01:28:31'),
(391, 1, 1, 39, NULL, '10', 6, '279815', NULL, 3, 'MxG27Zv9GU', 993.00, '2023-02-23 06:59:38', '2023-03-14 01:28:31'),
(392, 1, 1, 44, NULL, '2', 12, '342611', NULL, 1, 'c2ePb760LE', 149.00, '2022-12-25 06:38:33', '2023-03-14 01:28:31'),
(393, 1, 1, 45, NULL, '13', 3, '525544', NULL, 2, 'Gsn8ftPPWW', 612.00, '2023-01-11 20:24:34', '2023-03-14 01:28:31'),
(394, 1, 1, 35, NULL, '18', 15, '168169', NULL, 1, 'ymab5gUofd', 126.00, '2022-10-30 11:29:15', '2023-03-14 01:28:31'),
(395, 1, 1, 38, NULL, '19', 5, '968558', NULL, 1, 'XjpwSmasGw', 248.00, '2022-07-05 06:06:42', '2023-03-14 01:28:31'),
(396, 1, 1, 39, NULL, '9', 15, '743569', NULL, 2, 'WRF48xgyVj', 733.00, '2023-02-26 07:20:25', '2023-03-14 01:28:31'),
(397, 1, 1, 37, NULL, '17', 6, '730797', NULL, 3, 'N9pNXPECzm', 109.00, '2022-09-18 22:30:49', '2023-03-14 01:28:31'),
(398, 1, 1, 44, NULL, '4', 9, '301794', NULL, 1, 'lKgRVvrayY', 802.00, '2023-03-07 15:14:10', '2023-03-14 01:28:31'),
(399, 1, 1, 35, NULL, '19', 11, '969992', NULL, 1, 'Ib60K8SRGt', 322.00, '2022-10-04 22:14:18', '2023-03-14 01:28:31'),
(400, 1, 1, 44, NULL, '20', 8, '441355', NULL, 1, 'APRcBCuPAq', 719.00, '2023-01-26 03:48:13', '2023-03-14 01:28:31'),
(401, 1, 1, 41, NULL, '6', 4, '874244', NULL, 3, 'TsBvWP0X6F', 104.00, '2022-11-19 16:09:59', '2023-03-14 01:28:31'),
(402, 1, 1, 43, NULL, '6', 14, '270782', NULL, 3, 'Nm5bOKv1CW', 785.00, '2022-09-10 14:43:50', '2023-03-14 01:28:31'),
(403, 1, 1, 45, NULL, '1', 14, '964026', NULL, 3, 'jnppsbCGVI', 286.00, '2022-11-05 13:05:04', '2023-03-14 01:28:31'),
(404, 1, 1, 38, NULL, '4', 5, '298417', NULL, 1, 'CbEzyU37fu', 549.00, '2022-10-21 17:41:43', '2023-03-14 01:28:31'),
(405, 1, 1, 41, NULL, '15', 3, '760500', NULL, 1, '2sEPU37NnM', 616.00, '2022-12-18 02:08:46', '2023-03-14 01:28:31'),
(406, 1, 1, 42, NULL, '6', 4, '754773', NULL, 2, '5pmS1dO6k8', 364.00, '2023-01-04 12:03:06', '2023-03-14 01:28:31'),
(407, 1, 1, 42, NULL, '17', 13, '942539', NULL, 3, '666Sew616G', 808.00, '2023-02-05 21:53:12', '2023-03-14 01:28:31'),
(408, 1, 1, 37, NULL, '11', 13, '896936', NULL, 2, '5Mp13JVu1c', 336.00, '2022-09-29 22:51:30', '2023-03-14 01:28:31'),
(409, 1, 1, 37, NULL, '23', 12, '973596', NULL, 2, 'cPPSKDcOSW', 351.00, '2023-01-16 13:16:48', '2023-03-14 01:28:31'),
(410, 1, 1, 35, NULL, '16', 8, '905000', NULL, 2, 'z7WuJava9N', 935.00, '2023-01-05 05:48:04', '2023-03-14 01:28:31'),
(411, 1, 1, 41, NULL, '14', 6, '322863', NULL, 3, 'wc1GVJOLx4', 944.00, '2023-01-01 00:54:53', '2023-03-14 01:28:31'),
(412, 1, 1, 42, NULL, '6', 4, '862738', NULL, 1, 'L4JykFkOZS', 650.00, '2023-03-13 05:05:49', '2023-03-14 01:28:31'),
(413, 1, 1, 43, NULL, '14', 9, '430088', NULL, 1, 'LERKwRlGX7', 354.00, '2023-02-20 17:59:23', '2023-03-14 01:28:31'),
(414, 1, 1, 40, NULL, '15', 12, '421301', NULL, 3, 'LyeDn5Sgye', 773.00, '2023-01-07 09:51:20', '2023-03-14 01:28:31'),
(415, 1, 1, 43, NULL, '18', 16, '250802', NULL, 1, 'SLMiyjBvPG', 491.00, '2022-08-14 08:00:28', '2023-03-14 01:28:31'),
(416, 1, 1, 35, NULL, '14', 5, '816922', NULL, 2, 'Z89IQdJiT3', 820.00, '2023-01-28 10:41:54', '2023-03-14 01:28:31'),
(417, 1, 1, 44, NULL, '10', 4, '181664', NULL, 2, 'X8SDjtT7lN', 905.00, '2022-09-28 15:57:25', '2023-03-14 01:28:31'),
(418, 1, 1, 42, NULL, '4', 15, '588438', NULL, 3, 'SG8ctK4NFb', 851.00, '2023-03-12 22:42:00', '2023-03-14 01:28:31'),
(419, 1, 1, 37, NULL, '14', 16, '528156', NULL, 1, 'SmIfIMIk2G', 277.00, '2022-12-05 03:01:29', '2023-03-14 01:28:31'),
(420, 1, 1, 36, NULL, '16', 14, '420450', NULL, 3, 'KErkl1cWwj', 309.00, '2022-12-28 15:04:10', '2023-03-14 01:28:31'),
(421, 1, 1, 40, NULL, '5', 3, '408097', NULL, 3, 'iTRroNbX08', 856.00, '2023-03-10 05:08:15', '2023-03-14 01:28:31'),
(422, 1, 1, 35, NULL, '10', 12, '934619', NULL, 2, '4Y16TlXryU', 647.00, '2023-03-02 09:08:07', '2023-03-14 01:28:31'),
(423, 1, 1, 41, NULL, '23', 3, '200604', NULL, 2, '0DS3eb2udJ', 978.00, '2022-10-20 15:59:09', '2023-03-14 01:28:31'),
(424, 1, 1, 41, NULL, '16', 15, '644190', NULL, 1, 'IaGiowOwYf', 851.00, '2022-09-03 13:53:38', '2023-03-14 01:28:31'),
(425, 1, 1, 35, NULL, '17', 3, '251747', NULL, 3, 'OgpHyWXpFC', 363.00, '2023-01-21 09:06:06', '2023-03-14 01:28:31');
INSERT INTO `transactions` (`id`, `type`, `vendor_id`, `dome_id`, `league_id`, `field_id`, `user_id`, `booking_id`, `contributor_name`, `payment_method`, `transaction_id`, `amount`, `created_at`, `updated_at`) VALUES
(426, 1, 1, 43, NULL, '11', 5, '638613', NULL, 2, 'il1XHp8dPB', 378.00, '2023-03-01 04:08:56', '2023-03-14 01:28:31'),
(427, 1, 1, 37, NULL, '9', 4, '607525', NULL, 3, '8sVOMGRrF0', 805.00, '2022-12-21 03:19:24', '2023-03-14 01:28:31'),
(428, 1, 1, 42, NULL, '10', 4, '299642', NULL, 2, 'FsVJaCM4lD', 708.00, '2022-05-13 18:24:50', '2023-03-14 01:28:31'),
(429, 1, 1, 45, NULL, '7', 9, '463410', NULL, 3, 'wjnXWd1kcr', 182.00, '2022-11-04 14:13:17', '2023-03-14 01:28:31'),
(430, 1, 1, 45, NULL, '7', 16, '691461', NULL, 2, 'zhA6KchBgW', 386.00, '2022-07-23 16:33:18', '2023-03-14 01:28:31'),
(431, 1, 1, 45, NULL, '17', 15, '914696', NULL, 3, 'ihxeBrIfrm', 890.00, '2023-02-23 16:01:22', '2023-03-14 01:28:31'),
(432, 1, 1, 39, NULL, '19', 4, '997028', NULL, 3, 'kRUhbgyDnw', 628.00, '2022-09-12 18:05:35', '2023-03-14 01:28:31'),
(433, 1, 1, 45, NULL, '13', 12, '296664', NULL, 2, 'd8WnfnMxSa', 778.00, '2023-02-13 02:31:15', '2023-03-14 01:28:31'),
(434, 1, 1, 45, NULL, '5', 7, '827796', NULL, 3, '8wUhq6rkqW', 184.00, '2022-06-08 03:46:54', '2023-03-14 01:28:31'),
(435, 1, 1, 44, NULL, '17', 13, '365496', NULL, 2, 'xxkUeLCPNP', 718.00, '2022-08-29 11:07:40', '2023-03-14 01:28:31'),
(436, 1, 1, 39, NULL, '11', 9, '155210', NULL, 2, 'xgdgTpU4qc', 921.00, '2023-02-07 22:38:12', '2023-03-14 01:28:31'),
(437, 1, 1, 43, NULL, '4', 7, '863931', NULL, 1, 'ZAdAP6m0vK', 168.00, '2023-03-08 22:17:41', '2023-03-14 01:28:31'),
(438, 1, 1, 37, NULL, '4', 6, '928187', NULL, 2, 'Q0Rs6kifh6', 897.00, '2023-01-11 08:14:02', '2023-03-14 01:28:31'),
(439, 1, 1, 38, NULL, '14', 3, '207799', NULL, 2, 'wvJXizqRTm', 965.00, '2022-07-22 14:25:19', '2023-03-14 01:28:31'),
(440, 1, 1, 41, NULL, '12', 16, '146781', NULL, 1, 'o3yCnte9zU', 842.00, '2022-08-17 22:46:24', '2023-03-14 01:28:31'),
(441, 1, 1, 39, NULL, '9', 9, '992918', NULL, 2, 'WxrHj5d5Zp', 110.00, '2023-03-12 11:04:15', '2023-03-14 01:28:31'),
(442, 1, 1, 45, NULL, '7', 12, '421936', NULL, 3, 'CPJ3M1sD2g', 344.00, '2022-09-06 23:10:15', '2023-03-14 01:28:31'),
(443, 1, 1, 38, NULL, '12', 6, '865198', NULL, 3, 'gGAHemzAc0', 241.00, '2023-02-14 17:26:08', '2023-03-14 01:28:31'),
(444, 1, 1, 37, NULL, '12', 8, '840721', NULL, 1, 'wDBwYLK8Oz', 774.00, '2022-10-06 16:19:27', '2023-03-14 01:28:31'),
(445, 1, 1, 41, NULL, '6', 3, '261459', NULL, 1, 'l1XcwLaBds', 465.00, '2022-12-09 15:46:57', '2023-03-14 01:28:31'),
(446, 1, 1, 43, NULL, '20', 4, '415071', NULL, 1, 'PZ1YNM6N6b', 955.00, '2023-03-08 14:07:14', '2023-03-14 01:28:31'),
(447, 1, 1, 42, NULL, '19', 9, '601148', NULL, 2, 'AKNI3Dg1gr', 826.00, '2022-12-23 14:41:27', '2023-03-14 01:28:31'),
(448, 1, 1, 41, NULL, '1', 13, '359738', NULL, 1, 'xFPazpETbh', 385.00, '2022-12-18 23:39:12', '2023-03-14 01:28:31'),
(449, 1, 1, 35, NULL, '10', 9, '465522', NULL, 2, 'i5nWV5h0al', 582.00, '2022-09-05 10:56:20', '2023-03-14 01:28:31'),
(450, 1, 1, 44, NULL, '4', 13, '205863', NULL, 3, 'fGXqS9m82t', 376.00, '2023-02-21 17:18:25', '2023-03-14 01:28:31'),
(451, 1, 1, 36, NULL, '10', 4, '889823', NULL, 1, '90l8rNlIPy', 187.00, '2023-02-13 13:25:16', '2023-03-14 01:28:31'),
(452, 1, 1, 39, NULL, '9', 6, '400987', NULL, 3, 'e3m8QpFlRp', 476.00, '2023-03-06 07:06:32', '2023-03-14 01:28:31'),
(453, 1, 1, 35, NULL, '23', 13, '775714', NULL, 2, 'L55iUqeRct', 315.00, '2023-03-04 06:18:15', '2023-03-14 01:28:31'),
(454, 1, 1, 36, NULL, '5', 13, '314230', NULL, 2, '7DwDEOL4qb', 815.00, '2022-09-05 00:32:29', '2023-03-14 01:28:31'),
(455, 1, 1, 38, NULL, '22', 7, '978090', NULL, 1, 'ce1mf62d2u', 575.00, '2023-02-25 09:17:04', '2023-03-14 01:28:31'),
(456, 1, 1, 44, NULL, '4', 8, '268232', NULL, 3, 'pt4pN4A5Aw', 758.00, '2023-02-20 05:54:34', '2023-03-14 01:28:31'),
(457, 1, 1, 43, NULL, '4', 11, '590951', NULL, 3, 'oTLZb7VfcC', 723.00, '2022-07-17 05:58:33', '2023-03-14 01:28:31'),
(458, 1, 1, 43, NULL, '1', 4, '127302', NULL, 3, 'x2cpDIWZV1', 804.00, '2022-10-10 10:39:12', '2023-03-14 01:28:31'),
(459, 1, 1, 38, NULL, '16', 7, '793700', NULL, 3, '6wR6S6iaGK', 365.00, '2022-08-15 14:59:05', '2023-03-14 01:28:31'),
(460, 1, 1, 39, NULL, '22', 14, '932100', NULL, 3, 'dyAYrg0jv7', 644.00, '2023-01-26 06:55:23', '2023-03-14 01:28:31'),
(461, 1, 1, 39, NULL, '4', 6, '554051', NULL, 1, '9k4xKmTSuK', 122.00, '2023-02-05 23:58:47', '2023-03-14 01:28:31'),
(462, 1, 1, 44, NULL, '14', 5, '759731', NULL, 2, 'G6BQ7MNrDQ', 263.00, '2023-01-25 11:39:21', '2023-03-14 01:28:31'),
(463, 1, 1, 39, NULL, '10', 7, '519933', NULL, 3, '7AI6YyUMJn', 128.00, '2023-03-06 12:13:22', '2023-03-14 01:28:31'),
(464, 1, 1, 41, NULL, '8', 13, '293632', NULL, 2, 'WX0pRltT3b', 814.00, '2023-01-22 19:00:33', '2023-03-14 01:28:31'),
(465, 1, 1, 39, NULL, '13', 11, '360217', NULL, 1, '1RceMNk4pP', 588.00, '2022-11-27 12:27:29', '2023-03-14 01:28:31'),
(466, 1, 1, 42, NULL, '22', 11, '586694', NULL, 2, 'JGlRlka3HK', 586.00, '2022-08-29 11:23:10', '2023-03-14 01:28:31'),
(467, 1, 1, 40, NULL, '21', 7, '343878', NULL, 3, 'pMKD2onPHD', 346.00, '2022-07-28 04:33:21', '2023-03-14 01:28:31'),
(468, 1, 1, 45, NULL, '3', 15, '356426', NULL, 2, 'zAbqTB8yWV', 133.00, '2023-02-06 00:23:41', '2023-03-14 01:28:31'),
(469, 1, 1, 35, NULL, '23', 4, '298159', NULL, 1, '9t5gHwtYOe', 504.00, '2022-06-23 19:08:34', '2023-03-14 01:28:31'),
(470, 1, 1, 43, NULL, '5', 3, '158929', NULL, 3, 'aaaKXYLo71', 208.00, '2022-09-06 08:07:09', '2023-03-14 01:28:31'),
(471, 1, 1, 38, NULL, '18', 4, '645875', NULL, 3, 'iVP1p8NpMb', 185.00, '2023-03-05 02:59:19', '2023-03-14 01:28:31'),
(472, 1, 1, 35, NULL, '21', 16, '764953', NULL, 1, '3FM9Y7R0Dk', 672.00, '2022-11-06 14:20:51', '2023-03-14 01:28:31'),
(473, 1, 1, 38, NULL, '9', 15, '210602', NULL, 3, '037atuObUj', 890.00, '2022-10-21 01:24:06', '2023-03-14 01:28:31'),
(474, 1, 1, 44, NULL, '12', 12, '458634', NULL, 1, 'tJeeQXZgpZ', 639.00, '2022-11-10 16:19:53', '2023-03-14 01:28:31'),
(475, 1, 1, 42, NULL, '22', 6, '213080', NULL, 3, 'V23UwQefaW', 622.00, '2023-03-13 14:02:32', '2023-03-14 01:28:31'),
(476, 1, 1, 44, NULL, '11', 13, '998779', NULL, 3, 'UlERZqkGxl', 604.00, '2022-12-12 17:15:48', '2023-03-14 01:28:31'),
(477, 1, 1, 37, NULL, '21', 9, '195805', NULL, 2, 'dbAdhZXqR7', 584.00, '2023-03-01 13:27:12', '2023-03-14 01:28:31'),
(478, 1, 1, 38, NULL, '3', 6, '548445', NULL, 2, '7zExMrie8c', 526.00, '2023-01-04 04:37:51', '2023-03-14 01:28:31'),
(479, 1, 1, 35, NULL, '4', 7, '366003', NULL, 2, 'oAI4g3ToCF', 657.00, '2022-10-25 01:02:26', '2023-03-14 01:28:31'),
(480, 1, 1, 35, NULL, '17', 6, '117838', NULL, 3, 'mDheK2QULh', 735.00, '2023-03-09 21:49:07', '2023-03-14 01:28:31'),
(481, 1, 1, 42, NULL, '21', 5, '864652', NULL, 2, 'zns1C9wsdu', 837.00, '2023-02-25 07:19:50', '2023-03-14 01:28:31'),
(482, 1, 1, 40, NULL, '3', 8, '893560', NULL, 1, 'ozKGc0Yjgp', 258.00, '2023-02-28 05:56:05', '2023-03-14 01:28:31'),
(483, 1, 1, 39, NULL, '14', 3, '775895', NULL, 3, '4hAqVjmOC3', 540.00, '2022-12-09 20:18:23', '2023-03-14 01:28:31'),
(484, 1, 1, 40, NULL, '1', 8, '270274', NULL, 1, 'zidQBBOZKY', 166.00, '2023-03-08 01:15:56', '2023-03-14 01:28:31'),
(485, 1, 1, 42, NULL, '17', 15, '141958', NULL, 3, 'a4NepFEjWc', 186.00, '2022-05-12 06:29:23', '2023-03-14 01:28:31'),
(486, 1, 1, 45, NULL, '13', 11, '669235', NULL, 2, 'DhrLv7mevg', 724.00, '2023-02-20 18:18:27', '2023-03-14 01:28:31'),
(487, 1, 1, 35, NULL, '17', 6, '324354', NULL, 3, 'g6TELOyBy0', 378.00, '2023-01-30 21:50:57', '2023-03-14 01:28:31'),
(488, 1, 1, 35, NULL, '6', 10, '657605', NULL, 3, 'BdygnXPVFf', 915.00, '2022-12-06 16:59:24', '2023-03-14 01:28:31'),
(489, 1, 1, 40, NULL, '14', 15, '827834', NULL, 1, 'HSUqbonhp8', 610.00, '2022-07-29 21:54:16', '2023-03-14 01:28:31'),
(490, 1, 1, 43, NULL, '11', 10, '588850', NULL, 1, 'soQ6SGWqti', 844.00, '2023-03-10 05:19:48', '2023-03-14 01:28:31'),
(491, 1, 1, 37, NULL, '11', 14, '503591', NULL, 1, '6hza9dgC0R', 795.00, '2022-12-27 12:00:48', '2023-03-14 01:28:31'),
(492, 1, 1, 42, NULL, '16', 5, '891575', NULL, 2, 'LZJaUyawhZ', 317.00, '2023-02-17 00:48:01', '2023-03-14 01:28:31'),
(493, 1, 1, 36, NULL, '22', 4, '301665', NULL, 2, '9SkdC8CmdR', 689.00, '2023-03-12 19:59:54', '2023-03-14 01:28:31'),
(494, 1, 1, 43, NULL, '21', 9, '860110', NULL, 2, 'o6b8stOQCs', 212.00, '2023-03-02 01:09:32', '2023-03-14 01:28:31'),
(495, 1, 1, 38, NULL, '18', 4, '361011', NULL, 3, 'P5WwSn4ByQ', 102.00, '2023-02-19 12:32:42', '2023-03-14 01:28:31'),
(496, 1, 1, 42, NULL, '16', 9, '276528', NULL, 3, 'B82RlxqkLl', 801.00, '2023-01-16 15:20:23', '2023-03-14 01:28:31'),
(497, 1, 1, 36, NULL, '4', 14, '561782', NULL, 3, 'NntXBekk4Z', 589.00, '2023-03-02 15:49:40', '2023-03-14 01:28:31'),
(498, 1, 1, 38, NULL, '19', 4, '389945', NULL, 3, 'EUDhhgwTwV', 691.00, '2022-09-28 16:55:21', '2023-03-14 01:28:31'),
(499, 1, 1, 43, NULL, '6', 3, '137692', NULL, 1, 'ESlFixK2uW', 780.00, '2022-06-14 18:05:07', '2023-03-14 01:28:31'),
(500, 1, 1, 38, NULL, '15', 4, '994504', NULL, 3, 'thtaJh81bo', 725.00, '2023-02-05 15:21:51', '2023-03-14 01:28:31');

-- --------------------------------------------------------

--
-- Table structure for table `users`
--

CREATE TABLE `users` (
  `id` int(10) UNSIGNED NOT NULL,
  `type` int(11) NOT NULL COMMENT '1=Admin, 2=Dome Owner, 3=User',
  `login_type` int(11) NOT NULL DEFAULT 1 COMMENT '1=Email, 2=Google, 3=Apple, 4=Facebook',
  `name` varchar(255) DEFAULT NULL,
  `email` varchar(255) DEFAULT NULL,
  `countrycode` varchar(255) DEFAULT NULL,
  `phone` varchar(255) DEFAULT NULL,
  `password` varchar(255) DEFAULT NULL,
  `google_id` varchar(255) DEFAULT NULL,
  `apple_id` varchar(255) DEFAULT NULL,
  `facebook_id` varchar(255) DEFAULT NULL,
  `fcm_token` text DEFAULT NULL,
  `otp` varchar(255) DEFAULT NULL,
  `image` varchar(255) NOT NULL DEFAULT 'default.png',
  `is_verified` int(11) NOT NULL DEFAULT 2 COMMENT '1=Yes, 2=No',
  `is_available` int(11) NOT NULL DEFAULT 1 COMMENT '1=Yes, 2=No',
  `is_deleted` int(11) NOT NULL DEFAULT 2 COMMENT '1=Yes, 2=No',
  `created_at` timestamp NOT NULL DEFAULT current_timestamp(),
  `updated_at` timestamp NOT NULL DEFAULT current_timestamp()
) ENGINE=MyISAM DEFAULT CHARSET=utf8mb4 COLLATE=utf8mb4_unicode_ci;

--
-- Dumping data for table `users`
--

INSERT INTO `users` (`id`, `type`, `login_type`, `name`, `email`, `countrycode`, `phone`, `password`, `google_id`, `apple_id`, `facebook_id`, `fcm_token`, `otp`, `image`, `is_verified`, `is_available`, `is_deleted`, `created_at`, `updated_at`) VALUES
(1, 1, 1, 'Admin', 'admin@gmail.com', 'CA', '1234567890', '$2y$10$z0eXm5BtjQQP77GHRvJAGOIp1osY2Lx0NvMvmkpTgPzpiTUvnIlri', NULL, NULL, NULL, NULL, NULL, 'default.png', 1, 1, 2, '2023-02-06 05:11:02', '2023-02-06 05:11:02'),
(2, 2, 1, 'domez', 'domez@yopmail.com', 'CA', '1234657890', '$2y$10$z0eXm5BtjQQP77GHRvJAGOIp1osY2Lx0NvMvmkpTgPzpiTUvnIlri', NULL, NULL, NULL, NULL, NULL, 'default.png', 1, 1, 2, '2023-02-06 00:03:03', '2023-02-22 04:12:48'),
(3, 3, 2, 'test1', 'dummy@gmail.com', 'CA', '6359487772', NULL, NULL, NULL, NULL, NULL, NULL, 'user-8767.jpg', 1, 1, 2, '2023-02-06 00:14:06', '2023-02-20 01:27:18'),
(4, 3, 1, 'ahmed', 's@gmail.com', 'CA', '1234567988', '$2y$10$gifxyr72bUYjB8csJ0QBTeoIX.D/nYG0rAp1PRthL9af.EkQok4dq', NULL, NULL, NULL, NULL, NULL, 'user-63f3392b4218e.png', 1, 1, 2, '2023-02-09 04:55:36', '2023-03-03 06:54:24'),
(5, 3, 1, 'Siwakar', 'siwakar@gmail.com', 'CA', '6666666666', '$2y$10$HJpJ0YcLA8xpmy7vElmcDuwPhJKphXxvZZNsshwsKhKA73kqaDQSC', NULL, NULL, NULL, NULL, NULL, 'default.png', 1, 1, 2, '2023-02-17 05:44:14', '2023-02-17 05:44:14'),
(6, 3, 1, 'test1', 's@yopmail.com', 'CA', '12345679', '$2y$10$IeoPopibjXY5aAKkxxa9bepetQY6gAF1K/316ghgG5MzAqI1.3MfK', NULL, NULL, NULL, NULL, NULL, 'default.png', 1, 1, 2, '2023-02-19 01:50:12', '2023-02-19 01:50:12'),
(7, 3, 1, 'Soham', 'domez@gmail.com', 'CA', '6359478772', '$2y$10$gtan0ZH/DCiZmnR2yLGiyeZAR0YeEu9krVXGHQfXBqk63ep0WQEEm', NULL, NULL, NULL, NULL, NULL, 'default.png', 1, 1, 2, '2023-02-19 02:22:29', '2023-02-19 05:28:51'),
(8, 3, 1, 'Soham', 'rahul@gmail.com', 'CA', '6359478772', '$2y$10$X1zB07DVhnotX2/mINs8S.50S6zMODymJkeAESIQAFn7hN8vGS6t2', NULL, NULL, NULL, NULL, NULL, 'default.png', 1, 1, 2, '2023-02-19 04:05:29', '2023-02-19 04:05:29'),
(9, 3, 1, 'Soham', 'dhrutish@gmail.com', 'CA', '6359478772', '$2y$10$H1yMjmp7D/3EG.8qnvFRg.XW0U9SU1u7blXZMKpKNuCI/2BBgyOFi', NULL, NULL, NULL, NULL, NULL, 'default.png', 1, 1, 2, '2023-02-19 04:08:12', '2023-02-19 04:08:12'),
(10, 3, 1, 'test1', 'shivda@gmail.com', 'CA', '12345679', '$2y$10$JLjTCxbdEFMY/S2vQU7z5.MOu9DGHDbV1sqpSEaimoyVNMMyPKTmC', NULL, NULL, NULL, NULL, NULL, 'default.png', 1, 1, 2, '2023-02-19 05:59:51', '2023-02-19 05:59:51'),
(11, 3, 1, 'test1', 'shivdxa@gmail.com', 'CA', '12345679', '$2y$10$QSpgBloNHA7JhcHVrNl.zu8apCMuzFrn6MHxk/iT15UKuX.E8/w6O', NULL, NULL, NULL, NULL, NULL, 'default.png', 1, 1, 2, '2023-02-19 06:01:17', '2023-02-19 06:01:17'),
(12, 3, 1, 'test1', 'shivdxxa@gmail.com', 'CA', '12345679', '$2y$10$kovPuSe5RlvMtu9B9tkggOFA.C056m1RLx/jWzq3cpj8BWuY5C/N.', NULL, NULL, NULL, NULL, NULL, 'default.png', 1, 1, 2, '2023-02-19 06:01:39', '2023-02-19 06:01:39'),
(13, 3, 1, 'test1', 'shivdxxa@gmail.comx', 'CA', '12345679', '$2y$10$yL6EdwslUs4QaJst9tuSAOJXOv1U0JecesknmKdY0x1xgltJlCxZy', NULL, NULL, NULL, NULL, NULL, 'default.png', 1, 1, 2, '2023-02-19 06:02:37', '2023-02-19 06:02:37'),
(14, 3, 1, NULL, 'd@gmail.com', NULL, NULL, '$2y$10$15NTmYFdh3eVBKRdTXZwNu6nsRH/0MqPs.MS6h5eg0X5Z17FFnTnO', NULL, NULL, NULL, NULL, NULL, 'default.png', 1, 1, 2, '2023-02-27 05:44:49', '2023-02-27 05:44:49'),
(15, 3, 2, 'vraj chhatraya', 'vrajchhatraya@gmail.com', NULL, '8686532698', NULL, '107475471444076936237', NULL, NULL, NULL, NULL, 'user-63fdcf59afe4a.jpg', 1, 1, 2, '2023-02-28 04:19:38', '2023-02-28 04:24:33'),
(16, 3, 1, 'Diwakar Tiwari', 'tdiwakarkumar@gmail.com', 'IN', '7562904785', '$2y$10$pqybuiH79pR34A6q3J0VcO08OPSME1lP8bgeT3ILjPKmaHTG.iXj.', NULL, NULL, NULL, NULL, NULL, 'user-64004901ba7c2.png', 1, 1, 2, '2023-02-28 04:28:39', '2023-03-02 01:28:09'),
(20, 2, 1, 'Domez', 'dhrutish.vrajtechnosys@gmail.com', NULL, '1234567890', '$2y$10$bwS1Py2ThnwVxJ4IyAjlhOhDUEq9RFY2gbEfEafpoPJS1O1oZjT5e', NULL, NULL, NULL, NULL, NULL, 'default.png', 1, 1, 2, '2023-03-09 07:41:14', '2023-03-09 07:41:14'),
(21, 2, 1, 'Domez', 'dhrutish.vrajtechnosys@yopmail.com', NULL, '1234567890', '$2y$10$W4bh1BRmj9H7ZCRmSCIlG.EdjGwlW1.Orkz7ivN9QmI6wQ/0mpnf.', NULL, NULL, NULL, NULL, NULL, 'default.png', 1, 1, 2, '2023-03-09 23:20:21', '2023-03-09 23:20:21'),
(22, 2, 1, 'dhrutish', 'dhrutish@yopmail.com', NULL, '0123456789', '$2y$10$XOl6r5FiysgCb2ioBdstOeFZfTsBRynCgs6xEwuyy9eQNuT7CxWNC', NULL, NULL, NULL, NULL, NULL, 'default.png', 1, 2, 2, '2023-03-14 06:32:16', '2023-03-10 06:33:14'),
(23, 3, 2, 'Tobin Ondricka', 'cortney.hagenes@example.org', NULL, NULL, '$2y$10$sjwS7ysqH0.aT8QWO497n.INzh99C7Tq.0YmpUceMOCr/2udPGFl2', NULL, NULL, NULL, NULL, NULL, 'default.png', 2, 1, 2, '2023-03-12 16:26:36', '2023-03-14 06:31:51'),
(24, 3, 4, 'Ludie Champlin', 'felton94@example.com', NULL, NULL, '$2y$10$sjwS7ysqH0.aT8QWO497n.INzh99C7Tq.0YmpUceMOCr/2udPGFl2', NULL, NULL, NULL, NULL, NULL, 'default.png', 2, 1, 2, '2023-01-31 00:41:49', '2023-03-14 06:31:51'),
(25, 3, 1, 'Pattie Bartoletti', 'fabian01@example.com', NULL, NULL, '$2y$10$sjwS7ysqH0.aT8QWO497n.INzh99C7Tq.0YmpUceMOCr/2udPGFl2', NULL, NULL, NULL, NULL, NULL, 'default.png', 2, 1, 2, '2023-03-10 20:54:12', '2023-03-14 06:31:51'),
(26, 3, 1, 'Austin Smith', 'meaghan81@example.net', NULL, NULL, '$2y$10$sjwS7ysqH0.aT8QWO497n.INzh99C7Tq.0YmpUceMOCr/2udPGFl2', NULL, NULL, NULL, NULL, NULL, 'default.png', 2, 1, 2, '2022-12-20 08:05:41', '2023-03-14 06:31:51'),
(27, 3, 4, 'Prof. Horace Davis III', 'bogisich.elsa@example.org', NULL, NULL, '$2y$10$sjwS7ysqH0.aT8QWO497n.INzh99C7Tq.0YmpUceMOCr/2udPGFl2', NULL, NULL, NULL, NULL, NULL, 'default.png', 2, 1, 2, '2023-02-21 04:48:43', '2023-03-14 06:31:51'),
(28, 3, 1, 'Michelle Gaylord I', 'gilberto16@example.com', NULL, NULL, '$2y$10$sjwS7ysqH0.aT8QWO497n.INzh99C7Tq.0YmpUceMOCr/2udPGFl2', NULL, NULL, NULL, NULL, NULL, 'default.png', 2, 1, 2, '2022-12-28 03:41:03', '2023-03-14 06:31:51'),
(29, 3, 4, 'Betty Wisozk Jr.', 'vpfeffer@example.org', NULL, NULL, '$2y$10$sjwS7ysqH0.aT8QWO497n.INzh99C7Tq.0YmpUceMOCr/2udPGFl2', NULL, NULL, NULL, NULL, NULL, 'default.png', 2, 1, 2, '2022-12-13 19:07:25', '2023-03-14 06:31:51'),
(30, 3, 3, 'Mr. Llewellyn Schiller Jr.', 'pollich.alisha@example.org', NULL, NULL, '$2y$10$sjwS7ysqH0.aT8QWO497n.INzh99C7Tq.0YmpUceMOCr/2udPGFl2', NULL, NULL, NULL, NULL, NULL, 'default.png', 2, 1, 2, '2023-02-08 03:57:37', '2023-03-14 06:31:51'),
(31, 3, 4, 'Natalia Schimmel', 'ardella85@example.com', NULL, NULL, '$2y$10$sjwS7ysqH0.aT8QWO497n.INzh99C7Tq.0YmpUceMOCr/2udPGFl2', NULL, NULL, NULL, NULL, NULL, 'default.png', 2, 1, 2, '2023-03-09 04:40:53', '2023-03-14 06:31:51'),
(32, 3, 3, 'Dr. Foster White MD', 'barney27@example.net', NULL, NULL, '$2y$10$sjwS7ysqH0.aT8QWO497n.INzh99C7Tq.0YmpUceMOCr/2udPGFl2', NULL, NULL, NULL, NULL, NULL, 'default.png', 2, 1, 2, '2022-07-03 21:46:43', '2023-03-14 06:31:51'),
(33, 3, 3, 'Leif Stehr', 'autumn95@example.com', NULL, NULL, '$2y$10$sjwS7ysqH0.aT8QWO497n.INzh99C7Tq.0YmpUceMOCr/2udPGFl2', NULL, NULL, NULL, NULL, NULL, 'default.png', 2, 1, 2, '2022-10-17 07:18:25', '2023-03-14 06:31:51'),
(34, 3, 4, 'Murphy Schuster', 'wbotsford@example.com', NULL, NULL, '$2y$10$sjwS7ysqH0.aT8QWO497n.INzh99C7Tq.0YmpUceMOCr/2udPGFl2', NULL, NULL, NULL, NULL, NULL, 'default.png', 2, 1, 2, '2023-01-10 10:09:56', '2023-03-14 06:31:51'),
(35, 3, 3, 'Jana Sanford', 'gilda.okon@example.org', NULL, NULL, '$2y$10$sjwS7ysqH0.aT8QWO497n.INzh99C7Tq.0YmpUceMOCr/2udPGFl2', NULL, NULL, NULL, NULL, NULL, 'default.png', 2, 1, 2, '2023-03-11 16:53:59', '2023-03-14 06:31:51'),
(36, 3, 1, 'Demetris Wehner', 'electa82@example.net', NULL, NULL, '$2y$10$sjwS7ysqH0.aT8QWO497n.INzh99C7Tq.0YmpUceMOCr/2udPGFl2', NULL, NULL, NULL, NULL, NULL, 'default.png', 2, 1, 2, '2022-11-28 22:55:24', '2023-03-14 06:31:51'),
(37, 3, 3, 'Dr. Edmund Vandervort DVM', 'mossie.schroeder@example.com', NULL, NULL, '$2y$10$sjwS7ysqH0.aT8QWO497n.INzh99C7Tq.0YmpUceMOCr/2udPGFl2', NULL, NULL, NULL, NULL, NULL, 'default.png', 2, 1, 2, '2022-12-06 20:14:17', '2023-03-14 06:31:51'),
(38, 3, 1, 'Shanel McLaughlin V', 'schmidt.jeramy@example.com', NULL, NULL, '$2y$10$sjwS7ysqH0.aT8QWO497n.INzh99C7Tq.0YmpUceMOCr/2udPGFl2', NULL, NULL, NULL, NULL, NULL, 'default.png', 2, 1, 2, '2022-08-21 11:50:05', '2023-03-14 06:31:51'),
(39, 3, 4, 'Janelle Grant', 'ycorwin@example.org', NULL, NULL, '$2y$10$sjwS7ysqH0.aT8QWO497n.INzh99C7Tq.0YmpUceMOCr/2udPGFl2', NULL, NULL, NULL, NULL, NULL, 'default.png', 2, 1, 2, '2022-12-16 16:12:36', '2023-03-14 06:31:51'),
(40, 3, 2, 'Elisa Jacobs', 'delilah.boehm@example.net', NULL, NULL, '$2y$10$sjwS7ysqH0.aT8QWO497n.INzh99C7Tq.0YmpUceMOCr/2udPGFl2', NULL, NULL, NULL, NULL, NULL, 'default.png', 2, 1, 2, '2023-02-06 04:15:33', '2023-03-14 06:31:51'),
(41, 3, 2, 'Erwin DuBuque I', 'ihyatt@example.net', NULL, NULL, '$2y$10$sjwS7ysqH0.aT8QWO497n.INzh99C7Tq.0YmpUceMOCr/2udPGFl2', NULL, NULL, NULL, NULL, NULL, 'default.png', 2, 1, 2, '2022-12-12 01:09:50', '2023-03-14 06:31:51'),
(42, 3, 3, 'Dr. Roxanne Brekke', 'erick.shields@example.com', NULL, NULL, '$2y$10$sjwS7ysqH0.aT8QWO497n.INzh99C7Tq.0YmpUceMOCr/2udPGFl2', NULL, NULL, NULL, NULL, NULL, 'default.png', 2, 1, 2, '2023-03-05 06:32:22', '2023-03-14 06:31:51'),
(43, 3, 1, 'Marquise Rohan', 'dlakin@example.org', NULL, NULL, '$2y$10$sjwS7ysqH0.aT8QWO497n.INzh99C7Tq.0YmpUceMOCr/2udPGFl2', NULL, NULL, NULL, NULL, NULL, 'default.png', 2, 1, 2, '2023-01-08 02:56:38', '2023-03-14 06:31:51'),
(44, 3, 3, 'Ardith Swaniawski', 'neil78@example.net', NULL, NULL, '$2y$10$sjwS7ysqH0.aT8QWO497n.INzh99C7Tq.0YmpUceMOCr/2udPGFl2', NULL, NULL, NULL, NULL, NULL, 'default.png', 2, 1, 2, '2022-06-18 11:34:04', '2023-03-14 06:31:51'),
(45, 3, 4, 'Kellie Zemlak', 'alexys07@example.com', NULL, NULL, '$2y$10$sjwS7ysqH0.aT8QWO497n.INzh99C7Tq.0YmpUceMOCr/2udPGFl2', NULL, NULL, NULL, NULL, NULL, 'default.png', 2, 1, 2, '2023-02-15 17:07:30', '2023-03-14 06:31:51'),
(46, 3, 4, 'Mrs. Bridie Fritsch Jr.', 'jesse.bechtelar@example.net', NULL, NULL, '$2y$10$sjwS7ysqH0.aT8QWO497n.INzh99C7Tq.0YmpUceMOCr/2udPGFl2', NULL, NULL, NULL, NULL, NULL, 'default.png', 2, 1, 2, '2022-09-27 05:53:04', '2023-03-14 06:31:51'),
(47, 3, 3, 'Mrs. Emely Herman Sr.', 'sjacobson@example.org', NULL, NULL, '$2y$10$sjwS7ysqH0.aT8QWO497n.INzh99C7Tq.0YmpUceMOCr/2udPGFl2', NULL, NULL, NULL, NULL, NULL, 'default.png', 2, 1, 2, '2022-04-08 13:33:39', '2023-03-14 06:31:51'),
(48, 3, 4, 'Derick Johns', 'qkrajcik@example.net', NULL, NULL, '$2y$10$sjwS7ysqH0.aT8QWO497n.INzh99C7Tq.0YmpUceMOCr/2udPGFl2', NULL, NULL, NULL, NULL, NULL, 'default.png', 2, 1, 2, '2022-08-29 06:18:56', '2023-03-14 06:31:51'),
(49, 3, 4, 'Camilla Botsford', 'angelina56@example.net', NULL, NULL, '$2y$10$sjwS7ysqH0.aT8QWO497n.INzh99C7Tq.0YmpUceMOCr/2udPGFl2', NULL, NULL, NULL, NULL, NULL, 'default.png', 2, 1, 2, '2023-01-06 01:47:31', '2023-03-14 06:31:51'),
(50, 3, 2, 'Mr. Wilburn Wiza I', 'uvonrueden@example.net', NULL, NULL, '$2y$10$sjwS7ysqH0.aT8QWO497n.INzh99C7Tq.0YmpUceMOCr/2udPGFl2', NULL, NULL, NULL, NULL, NULL, 'default.png', 2, 1, 2, '2022-12-04 01:53:03', '2023-03-14 06:31:51'),
(51, 3, 4, 'Prof. Dillan Wolf', 'mia.okon@example.com', NULL, NULL, '$2y$10$sjwS7ysqH0.aT8QWO497n.INzh99C7Tq.0YmpUceMOCr/2udPGFl2', NULL, NULL, NULL, NULL, NULL, 'default.png', 2, 1, 2, '2022-11-30 11:05:06', '2023-03-14 06:31:51'),
(52, 3, 1, 'Prof. Kelvin Funk', 'stehr.icie@example.org', NULL, NULL, '$2y$10$sjwS7ysqH0.aT8QWO497n.INzh99C7Tq.0YmpUceMOCr/2udPGFl2', NULL, NULL, NULL, NULL, NULL, 'default.png', 2, 1, 2, '2022-11-12 14:37:00', '2023-03-14 06:31:51'),
(53, 3, 3, 'Alexis Gerhold', 'myrtie.parker@example.net', NULL, NULL, '$2y$10$sjwS7ysqH0.aT8QWO497n.INzh99C7Tq.0YmpUceMOCr/2udPGFl2', NULL, NULL, NULL, NULL, NULL, 'default.png', 2, 1, 2, '2023-01-06 23:23:29', '2023-03-14 06:31:51'),
(54, 3, 3, 'Crystal Spinka III', 'vsmith@example.com', NULL, NULL, '$2y$10$sjwS7ysqH0.aT8QWO497n.INzh99C7Tq.0YmpUceMOCr/2udPGFl2', NULL, NULL, NULL, NULL, NULL, 'default.png', 2, 1, 2, '2023-01-07 04:02:37', '2023-03-14 06:31:51'),
(55, 3, 3, 'Ava Torp IV', 'jabari.tremblay@example.net', NULL, NULL, '$2y$10$sjwS7ysqH0.aT8QWO497n.INzh99C7Tq.0YmpUceMOCr/2udPGFl2', NULL, NULL, NULL, NULL, NULL, 'default.png', 2, 1, 2, '2023-01-10 22:27:00', '2023-03-14 06:31:51'),
(56, 3, 2, 'Braden Buckridge', 'beatrice.bartoletti@example.net', NULL, NULL, '$2y$10$sjwS7ysqH0.aT8QWO497n.INzh99C7Tq.0YmpUceMOCr/2udPGFl2', NULL, NULL, NULL, NULL, NULL, 'default.png', 2, 1, 2, '2023-03-13 11:28:44', '2023-03-14 06:31:51'),
(57, 3, 3, 'Dr. Loyal Gulgowski', 'volkman.marcelina@example.net', NULL, NULL, '$2y$10$sjwS7ysqH0.aT8QWO497n.INzh99C7Tq.0YmpUceMOCr/2udPGFl2', NULL, NULL, NULL, NULL, NULL, 'default.png', 2, 1, 2, '2022-06-28 16:01:10', '2023-03-14 06:31:51'),
(58, 3, 4, 'Cale Cruickshank', 'gpowlowski@example.com', NULL, NULL, '$2y$10$sjwS7ysqH0.aT8QWO497n.INzh99C7Tq.0YmpUceMOCr/2udPGFl2', NULL, NULL, NULL, NULL, NULL, 'default.png', 2, 1, 2, '2023-01-03 18:59:51', '2023-03-14 06:31:51'),
(59, 3, 3, 'Billie Monahan IV', 'oconnell.jerry@example.com', NULL, NULL, '$2y$10$sjwS7ysqH0.aT8QWO497n.INzh99C7Tq.0YmpUceMOCr/2udPGFl2', NULL, NULL, NULL, NULL, NULL, 'default.png', 2, 1, 2, '2022-12-08 23:52:57', '2023-03-14 06:31:51'),
(60, 3, 2, 'Diego Koss', 'schulist.violette@example.net', NULL, NULL, '$2y$10$sjwS7ysqH0.aT8QWO497n.INzh99C7Tq.0YmpUceMOCr/2udPGFl2', NULL, NULL, NULL, NULL, NULL, 'default.png', 2, 1, 2, '2022-09-29 08:13:28', '2023-03-14 06:31:51'),
(61, 3, 2, 'Keaton Pfannerstill', 'waylon.lockman@example.com', NULL, NULL, '$2y$10$sjwS7ysqH0.aT8QWO497n.INzh99C7Tq.0YmpUceMOCr/2udPGFl2', NULL, NULL, NULL, NULL, NULL, 'default.png', 2, 1, 2, '2023-03-05 04:14:37', '2023-03-14 06:31:51'),
(62, 3, 4, 'Joyce Friesen DDS', 'yazmin.hyatt@example.com', NULL, NULL, '$2y$10$sjwS7ysqH0.aT8QWO497n.INzh99C7Tq.0YmpUceMOCr/2udPGFl2', NULL, NULL, NULL, NULL, NULL, 'default.png', 2, 1, 2, '2022-11-26 04:22:49', '2023-03-14 06:31:51'),
(63, 3, 4, 'Emile Ferry', 'gorczany.aurelie@example.net', NULL, NULL, '$2y$10$sjwS7ysqH0.aT8QWO497n.INzh99C7Tq.0YmpUceMOCr/2udPGFl2', NULL, NULL, NULL, NULL, NULL, 'default.png', 2, 1, 2, '2023-02-10 04:08:03', '2023-03-14 06:31:51'),
(64, 3, 2, 'Issac Schamberger', 'kara21@example.com', NULL, NULL, '$2y$10$sjwS7ysqH0.aT8QWO497n.INzh99C7Tq.0YmpUceMOCr/2udPGFl2', NULL, NULL, NULL, NULL, NULL, 'default.png', 2, 1, 2, '2023-02-16 00:07:45', '2023-03-14 06:31:51'),
(65, 3, 3, 'Brianne Osinski', 'sophia29@example.net', NULL, NULL, '$2y$10$sjwS7ysqH0.aT8QWO497n.INzh99C7Tq.0YmpUceMOCr/2udPGFl2', NULL, NULL, NULL, NULL, NULL, 'default.png', 2, 1, 2, '2022-12-26 21:58:27', '2023-03-14 06:31:51'),
(66, 3, 2, 'Mae Waelchi', 'erika09@example.org', NULL, NULL, '$2y$10$sjwS7ysqH0.aT8QWO497n.INzh99C7Tq.0YmpUceMOCr/2udPGFl2', NULL, NULL, NULL, NULL, NULL, 'default.png', 2, 1, 2, '2022-11-22 12:53:44', '2023-03-14 06:31:51'),
(67, 3, 3, 'Dr. Newton Kemmer', 'andreane07@example.org', NULL, NULL, '$2y$10$sjwS7ysqH0.aT8QWO497n.INzh99C7Tq.0YmpUceMOCr/2udPGFl2', NULL, NULL, NULL, NULL, NULL, 'default.png', 2, 1, 2, '2022-11-06 02:53:48', '2023-03-14 06:31:51'),
(68, 3, 3, 'Margarita Dicki', 'jaime.pouros@example.net', NULL, NULL, '$2y$10$sjwS7ysqH0.aT8QWO497n.INzh99C7Tq.0YmpUceMOCr/2udPGFl2', NULL, NULL, NULL, NULL, NULL, 'default.png', 2, 1, 2, '2022-11-13 03:48:15', '2023-03-14 06:31:51'),
(69, 3, 4, 'Miss Jermaine Heidenreich II', 'shayna38@example.org', NULL, NULL, '$2y$10$sjwS7ysqH0.aT8QWO497n.INzh99C7Tq.0YmpUceMOCr/2udPGFl2', NULL, NULL, NULL, NULL, NULL, 'default.png', 2, 1, 2, '2023-02-02 19:09:42', '2023-03-14 06:31:51'),
(70, 3, 1, 'Marquise Gulgowski', 'eulalia83@example.com', NULL, NULL, '$2y$10$sjwS7ysqH0.aT8QWO497n.INzh99C7Tq.0YmpUceMOCr/2udPGFl2', NULL, NULL, NULL, NULL, NULL, 'default.png', 2, 1, 2, '2023-03-09 23:34:26', '2023-03-14 06:31:51'),
(71, 3, 3, 'Madisen Dooley', 'gaylord.madge@example.net', NULL, NULL, '$2y$10$sjwS7ysqH0.aT8QWO497n.INzh99C7Tq.0YmpUceMOCr/2udPGFl2', NULL, NULL, NULL, NULL, NULL, 'default.png', 2, 1, 2, '2023-01-02 03:55:59', '2023-03-14 06:31:51'),
(72, 3, 2, 'Ted Wolf III', 'jamarcus.hagenes@example.net', NULL, NULL, '$2y$10$sjwS7ysqH0.aT8QWO497n.INzh99C7Tq.0YmpUceMOCr/2udPGFl2', NULL, NULL, NULL, NULL, NULL, 'default.png', 2, 1, 2, '2023-01-27 03:54:35', '2023-03-14 06:31:51'),
(73, 3, 3, 'Olga Bauch', 'olin.kirlin@example.net', NULL, NULL, '$2y$10$sjwS7ysqH0.aT8QWO497n.INzh99C7Tq.0YmpUceMOCr/2udPGFl2', NULL, NULL, NULL, NULL, NULL, 'default.png', 2, 1, 2, '2023-02-24 16:26:34', '2023-03-14 06:31:51'),
(74, 3, 2, 'Prof. Ayden Muller DVM', 'tito.pacocha@example.net', NULL, NULL, '$2y$10$sjwS7ysqH0.aT8QWO497n.INzh99C7Tq.0YmpUceMOCr/2udPGFl2', NULL, NULL, NULL, NULL, NULL, 'default.png', 2, 1, 2, '2022-09-15 00:34:05', '2023-03-14 06:31:51'),
(75, 3, 2, 'Dr. Corene Rosenbaum DVM', 'jakayla69@example.org', NULL, NULL, '$2y$10$sjwS7ysqH0.aT8QWO497n.INzh99C7Tq.0YmpUceMOCr/2udPGFl2', NULL, NULL, NULL, NULL, NULL, 'default.png', 2, 1, 2, '2023-01-26 04:41:20', '2023-03-14 06:31:51'),
(76, 3, 1, 'Albertha Cartwright III', 'fritsch.lincoln@example.net', NULL, NULL, '$2y$10$sjwS7ysqH0.aT8QWO497n.INzh99C7Tq.0YmpUceMOCr/2udPGFl2', NULL, NULL, NULL, NULL, NULL, 'default.png', 2, 1, 2, '2022-08-30 23:20:50', '2023-03-14 06:31:51'),
(77, 3, 2, 'Julie Walter', 'florine98@example.org', NULL, NULL, '$2y$10$sjwS7ysqH0.aT8QWO497n.INzh99C7Tq.0YmpUceMOCr/2udPGFl2', NULL, NULL, NULL, NULL, NULL, 'default.png', 2, 1, 2, '2022-08-25 15:50:06', '2023-03-14 06:31:51'),
(78, 3, 2, 'Dr. Arnulfo Feeney Sr.', 'fisher.anastasia@example.org', NULL, NULL, '$2y$10$sjwS7ysqH0.aT8QWO497n.INzh99C7Tq.0YmpUceMOCr/2udPGFl2', NULL, NULL, NULL, NULL, NULL, 'default.png', 2, 1, 2, '2022-07-11 12:54:01', '2023-03-14 06:31:51'),
(79, 3, 3, 'Mabel Weimann', 'kshlerin.jeromy@example.com', NULL, NULL, '$2y$10$sjwS7ysqH0.aT8QWO497n.INzh99C7Tq.0YmpUceMOCr/2udPGFl2', NULL, NULL, NULL, NULL, NULL, 'default.png', 2, 1, 2, '2022-11-22 10:01:53', '2023-03-14 06:31:51'),
(80, 3, 2, 'Jamil West', 'jody06@example.com', NULL, NULL, '$2y$10$sjwS7ysqH0.aT8QWO497n.INzh99C7Tq.0YmpUceMOCr/2udPGFl2', NULL, NULL, NULL, NULL, NULL, 'default.png', 2, 1, 2, '2022-07-07 21:28:22', '2023-03-14 06:31:51'),
(81, 3, 4, 'Lea Hauck Sr.', 'laury66@example.net', NULL, NULL, '$2y$10$sjwS7ysqH0.aT8QWO497n.INzh99C7Tq.0YmpUceMOCr/2udPGFl2', NULL, NULL, NULL, NULL, NULL, 'default.png', 2, 1, 2, '2022-12-19 18:31:01', '2023-03-14 06:31:51'),
(82, 3, 2, 'Maverick Zulauf', 'smith.alba@example.com', NULL, NULL, '$2y$10$sjwS7ysqH0.aT8QWO497n.INzh99C7Tq.0YmpUceMOCr/2udPGFl2', NULL, NULL, NULL, NULL, NULL, 'default.png', 2, 1, 2, '2023-03-03 02:04:07', '2023-03-14 06:31:51'),
(83, 3, 4, 'Michale Kshlerin', 'justina42@example.com', NULL, NULL, '$2y$10$sjwS7ysqH0.aT8QWO497n.INzh99C7Tq.0YmpUceMOCr/2udPGFl2', NULL, NULL, NULL, NULL, NULL, 'default.png', 2, 1, 2, '2023-03-09 23:13:07', '2023-03-14 06:31:51'),
(84, 3, 4, 'Darius Reichert', 'tomasa21@example.org', NULL, NULL, '$2y$10$sjwS7ysqH0.aT8QWO497n.INzh99C7Tq.0YmpUceMOCr/2udPGFl2', NULL, NULL, NULL, NULL, NULL, 'default.png', 2, 1, 2, '2023-01-10 14:33:33', '2023-03-14 06:31:51'),
(85, 3, 2, 'Mr. Kraig Ratke II', 'pagac.isac@example.com', NULL, NULL, '$2y$10$sjwS7ysqH0.aT8QWO497n.INzh99C7Tq.0YmpUceMOCr/2udPGFl2', NULL, NULL, NULL, NULL, NULL, 'default.png', 2, 1, 2, '2022-11-02 09:36:17', '2023-03-14 06:31:51'),
(86, 3, 2, 'Luisa Ryan Sr.', 'russel.reyna@example.net', NULL, NULL, '$2y$10$sjwS7ysqH0.aT8QWO497n.INzh99C7Tq.0YmpUceMOCr/2udPGFl2', NULL, NULL, NULL, NULL, NULL, 'default.png', 2, 1, 2, '2022-09-19 12:54:54', '2023-03-14 06:31:51'),
(87, 3, 4, 'Willis Hill', 'catharine.turcotte@example.com', NULL, NULL, '$2y$10$sjwS7ysqH0.aT8QWO497n.INzh99C7Tq.0YmpUceMOCr/2udPGFl2', NULL, NULL, NULL, NULL, NULL, 'default.png', 2, 1, 2, '2022-11-25 13:02:38', '2023-03-14 06:31:51'),
(88, 3, 1, 'Ms. Ida Schultz', 'gerlach.aida@example.org', NULL, NULL, '$2y$10$sjwS7ysqH0.aT8QWO497n.INzh99C7Tq.0YmpUceMOCr/2udPGFl2', NULL, NULL, NULL, NULL, NULL, 'default.png', 2, 1, 2, '2023-02-05 12:26:04', '2023-03-14 06:31:51'),
(89, 3, 1, 'Ms. Norma Bednar', 'kherman@example.org', NULL, NULL, '$2y$10$sjwS7ysqH0.aT8QWO497n.INzh99C7Tq.0YmpUceMOCr/2udPGFl2', NULL, NULL, NULL, NULL, NULL, 'default.png', 2, 1, 2, '2022-12-31 16:09:01', '2023-03-14 06:31:51'),
(90, 3, 2, 'Trevor Stroman', 'qgulgowski@example.net', NULL, NULL, '$2y$10$sjwS7ysqH0.aT8QWO497n.INzh99C7Tq.0YmpUceMOCr/2udPGFl2', NULL, NULL, NULL, NULL, NULL, 'default.png', 2, 1, 2, '2022-09-29 17:05:03', '2023-03-14 06:31:51'),
(91, 3, 3, 'Mr. Cameron Greenholt', 'runolfsson.tess@example.com', NULL, NULL, '$2y$10$sjwS7ysqH0.aT8QWO497n.INzh99C7Tq.0YmpUceMOCr/2udPGFl2', NULL, NULL, NULL, NULL, NULL, 'default.png', 2, 1, 2, '2023-02-06 10:52:00', '2023-03-14 06:31:51'),
(92, 3, 4, 'Michaela Hill', 'ykunde@example.com', NULL, NULL, '$2y$10$sjwS7ysqH0.aT8QWO497n.INzh99C7Tq.0YmpUceMOCr/2udPGFl2', NULL, NULL, NULL, NULL, NULL, 'default.png', 2, 1, 2, '2022-08-22 17:47:55', '2023-03-14 06:31:51'),
(93, 3, 4, 'Demetris Beier PhD', 'bart15@example.net', NULL, NULL, '$2y$10$sjwS7ysqH0.aT8QWO497n.INzh99C7Tq.0YmpUceMOCr/2udPGFl2', NULL, NULL, NULL, NULL, NULL, 'default.png', 2, 1, 2, '2023-01-12 05:12:53', '2023-03-14 06:31:51'),
(94, 3, 1, 'Prof. Beth Breitenberg', 'danny.lakin@example.com', NULL, NULL, '$2y$10$sjwS7ysqH0.aT8QWO497n.INzh99C7Tq.0YmpUceMOCr/2udPGFl2', NULL, NULL, NULL, NULL, NULL, 'default.png', 2, 1, 2, '2023-01-27 07:02:58', '2023-03-14 06:31:51'),
(95, 3, 4, 'Antonio Wisozk Jr.', 'wsawayn@example.net', NULL, NULL, '$2y$10$sjwS7ysqH0.aT8QWO497n.INzh99C7Tq.0YmpUceMOCr/2udPGFl2', NULL, NULL, NULL, NULL, NULL, 'default.png', 2, 1, 2, '2023-03-08 15:20:28', '2023-03-14 06:31:51'),
(96, 3, 1, 'Bradford Tremblay', 'jammie72@example.com', NULL, NULL, '$2y$10$sjwS7ysqH0.aT8QWO497n.INzh99C7Tq.0YmpUceMOCr/2udPGFl2', NULL, NULL, NULL, NULL, NULL, 'default.png', 2, 1, 2, '2023-01-05 23:02:44', '2023-03-14 06:31:51'),
(97, 3, 1, 'Ms. Theresia Ledner', 'cooper.gislason@example.net', NULL, NULL, '$2y$10$sjwS7ysqH0.aT8QWO497n.INzh99C7Tq.0YmpUceMOCr/2udPGFl2', NULL, NULL, NULL, NULL, NULL, 'default.png', 2, 1, 2, '2022-12-25 00:48:26', '2023-03-14 06:31:51'),
(98, 3, 4, 'Gina Kozey', 'alejandrin.hudson@example.net', NULL, NULL, '$2y$10$sjwS7ysqH0.aT8QWO497n.INzh99C7Tq.0YmpUceMOCr/2udPGFl2', NULL, NULL, NULL, NULL, NULL, 'default.png', 2, 1, 2, '2022-05-03 12:19:48', '2023-03-14 06:31:51'),
(99, 3, 4, 'Camren Kilback', 'morton.lynch@example.com', NULL, NULL, '$2y$10$sjwS7ysqH0.aT8QWO497n.INzh99C7Tq.0YmpUceMOCr/2udPGFl2', NULL, NULL, NULL, NULL, NULL, 'default.png', 2, 1, 2, '2022-12-06 07:58:29', '2023-03-14 06:31:51'),
(100, 3, 3, 'Bertram Luettgen', 'grath@example.net', NULL, NULL, '$2y$10$sjwS7ysqH0.aT8QWO497n.INzh99C7Tq.0YmpUceMOCr/2udPGFl2', NULL, NULL, NULL, NULL, NULL, 'default.png', 2, 1, 2, '2023-02-26 12:59:48', '2023-03-14 06:31:51'),
(101, 3, 3, 'Verda Lesch PhD', 'dickinson.katelynn@example.com', NULL, NULL, '$2y$10$sjwS7ysqH0.aT8QWO497n.INzh99C7Tq.0YmpUceMOCr/2udPGFl2', NULL, NULL, NULL, NULL, NULL, 'default.png', 2, 1, 2, '2023-03-06 15:43:42', '2023-03-14 06:31:51'),
(102, 3, 2, 'Ellsworth Rolfson', 'maggio.mac@example.org', NULL, NULL, '$2y$10$sjwS7ysqH0.aT8QWO497n.INzh99C7Tq.0YmpUceMOCr/2udPGFl2', NULL, NULL, NULL, NULL, NULL, 'default.png', 2, 1, 2, '2023-02-15 09:09:07', '2023-03-14 06:31:51'),
(103, 3, 1, 'Prof. Kamille Zulauf Sr.', 'lgreenfelder@example.org', NULL, NULL, '$2y$10$sjwS7ysqH0.aT8QWO497n.INzh99C7Tq.0YmpUceMOCr/2udPGFl2', NULL, NULL, NULL, NULL, NULL, 'default.png', 2, 1, 2, '2022-11-01 21:52:10', '2023-03-14 06:31:51'),
(104, 3, 3, 'Mr. Charley Paucek', 'quinn.hoeger@example.net', NULL, NULL, '$2y$10$sjwS7ysqH0.aT8QWO497n.INzh99C7Tq.0YmpUceMOCr/2udPGFl2', NULL, NULL, NULL, NULL, NULL, 'default.png', 2, 1, 2, '2022-09-26 12:41:41', '2023-03-14 06:31:51'),
(105, 3, 1, 'Waino Gleason', 'dietrich.rosemary@example.net', NULL, NULL, '$2y$10$sjwS7ysqH0.aT8QWO497n.INzh99C7Tq.0YmpUceMOCr/2udPGFl2', NULL, NULL, NULL, NULL, NULL, 'default.png', 2, 1, 2, '2023-01-04 18:18:52', '2023-03-14 06:31:51'),
(106, 3, 2, 'Melany Larkin DDS', 'lind.burdette@example.org', NULL, NULL, '$2y$10$sjwS7ysqH0.aT8QWO497n.INzh99C7Tq.0YmpUceMOCr/2udPGFl2', NULL, NULL, NULL, NULL, NULL, 'default.png', 2, 1, 2, '2023-01-23 01:55:00', '2023-03-14 06:31:51'),
(107, 3, 2, 'Korey Johnson III', 'jason.koepp@example.com', NULL, NULL, '$2y$10$sjwS7ysqH0.aT8QWO497n.INzh99C7Tq.0YmpUceMOCr/2udPGFl2', NULL, NULL, NULL, NULL, NULL, 'default.png', 2, 1, 2, '2023-01-05 22:18:19', '2023-03-14 06:31:51'),
(108, 3, 1, 'Doris Ullrich Sr.', 'lbechtelar@example.org', NULL, NULL, '$2y$10$sjwS7ysqH0.aT8QWO497n.INzh99C7Tq.0YmpUceMOCr/2udPGFl2', NULL, NULL, NULL, NULL, NULL, 'default.png', 2, 1, 2, '2023-02-21 11:11:28', '2023-03-14 06:31:51'),
(109, 3, 1, 'Ms. Lilyan Kuhic Sr.', 'gcummerata@example.com', NULL, NULL, '$2y$10$sjwS7ysqH0.aT8QWO497n.INzh99C7Tq.0YmpUceMOCr/2udPGFl2', NULL, NULL, NULL, NULL, NULL, 'default.png', 2, 1, 2, '2022-08-08 21:33:54', '2023-03-14 06:31:51'),
(110, 3, 2, 'Dr. Brendan Wilkinson', 'hand.eula@example.com', NULL, NULL, '$2y$10$sjwS7ysqH0.aT8QWO497n.INzh99C7Tq.0YmpUceMOCr/2udPGFl2', NULL, NULL, NULL, NULL, NULL, 'default.png', 2, 1, 2, '2023-02-21 14:41:41', '2023-03-14 06:31:51'),
(111, 3, 4, 'Prof. Hailee Bode IV', 'ccasper@example.net', NULL, NULL, '$2y$10$sjwS7ysqH0.aT8QWO497n.INzh99C7Tq.0YmpUceMOCr/2udPGFl2', NULL, NULL, NULL, NULL, NULL, 'default.png', 2, 1, 2, '2023-02-05 03:56:04', '2023-03-14 06:31:51'),
(112, 3, 1, 'Niko Rowe', 'jerde.mia@example.net', NULL, NULL, '$2y$10$sjwS7ysqH0.aT8QWO497n.INzh99C7Tq.0YmpUceMOCr/2udPGFl2', NULL, NULL, NULL, NULL, NULL, 'default.png', 2, 1, 2, '2023-02-13 11:54:46', '2023-03-14 06:31:51'),
(113, 3, 1, 'Miss Frida Marvin', 'stephanie.sipes@example.net', NULL, NULL, '$2y$10$sjwS7ysqH0.aT8QWO497n.INzh99C7Tq.0YmpUceMOCr/2udPGFl2', NULL, NULL, NULL, NULL, NULL, 'default.png', 2, 1, 2, '2022-10-19 21:54:15', '2023-03-14 06:31:51'),
(114, 3, 2, 'Miss Maybelle Koch', 'thiel.wiley@example.com', NULL, NULL, '$2y$10$sjwS7ysqH0.aT8QWO497n.INzh99C7Tq.0YmpUceMOCr/2udPGFl2', NULL, NULL, NULL, NULL, NULL, 'default.png', 2, 1, 2, '2022-05-06 07:18:46', '2023-03-14 06:31:51'),
(115, 3, 2, 'Lorenzo Windler', 'quinn.kemmer@example.org', NULL, NULL, '$2y$10$sjwS7ysqH0.aT8QWO497n.INzh99C7Tq.0YmpUceMOCr/2udPGFl2', NULL, NULL, NULL, NULL, NULL, 'default.png', 2, 1, 2, '2023-03-07 10:58:15', '2023-03-14 06:31:51'),
(116, 3, 3, 'Sydnee Considine', 'madisyn93@example.net', NULL, NULL, '$2y$10$sjwS7ysqH0.aT8QWO497n.INzh99C7Tq.0YmpUceMOCr/2udPGFl2', NULL, NULL, NULL, NULL, NULL, 'default.png', 2, 1, 2, '2022-08-31 00:56:41', '2023-03-14 06:31:51'),
(117, 3, 4, 'Ms. Emie Grant', 'glover.laurine@example.org', NULL, NULL, '$2y$10$sjwS7ysqH0.aT8QWO497n.INzh99C7Tq.0YmpUceMOCr/2udPGFl2', NULL, NULL, NULL, NULL, NULL, 'default.png', 2, 1, 2, '2022-12-30 08:12:38', '2023-03-14 06:31:51'),
(118, 3, 3, 'Wilhelmine Boehm', 'alexis.renner@example.org', NULL, NULL, '$2y$10$sjwS7ysqH0.aT8QWO497n.INzh99C7Tq.0YmpUceMOCr/2udPGFl2', NULL, NULL, NULL, NULL, NULL, 'default.png', 2, 1, 2, '2023-01-10 06:56:02', '2023-03-14 06:31:51'),
(119, 3, 1, 'Elbert Bergstrom IV', 'pgraham@example.com', NULL, NULL, '$2y$10$sjwS7ysqH0.aT8QWO497n.INzh99C7Tq.0YmpUceMOCr/2udPGFl2', NULL, NULL, NULL, NULL, NULL, 'default.png', 2, 1, 2, '2023-02-20 20:13:04', '2023-03-14 06:31:51'),
(120, 3, 1, 'Dr. Lexus Steuber II', 'amya49@example.net', NULL, NULL, '$2y$10$sjwS7ysqH0.aT8QWO497n.INzh99C7Tq.0YmpUceMOCr/2udPGFl2', NULL, NULL, NULL, NULL, NULL, 'default.png', 2, 1, 2, '2023-01-30 03:40:52', '2023-03-14 06:31:51'),
(121, 3, 1, 'Wayne Price', 'bianka07@example.com', NULL, NULL, '$2y$10$sjwS7ysqH0.aT8QWO497n.INzh99C7Tq.0YmpUceMOCr/2udPGFl2', NULL, NULL, NULL, NULL, NULL, 'default.png', 2, 1, 2, '2023-02-05 00:09:43', '2023-03-14 06:31:51'),
(122, 3, 4, 'Dr. Vincenzo Cormier', 'littel.verla@example.org', NULL, NULL, '$2y$10$sjwS7ysqH0.aT8QWO497n.INzh99C7Tq.0YmpUceMOCr/2udPGFl2', NULL, NULL, NULL, NULL, NULL, 'default.png', 2, 1, 2, '2023-01-02 23:13:52', '2023-03-14 06:31:51');

--
-- Indexes for dumped tables
--

--
-- Indexes for table `bookings`
--
ALTER TABLE `bookings`
  ADD PRIMARY KEY (`id`);

--
-- Indexes for table `cms`
--
ALTER TABLE `cms`
  ADD PRIMARY KEY (`id`);

--
-- Indexes for table `domes`
--
ALTER TABLE `domes`
  ADD PRIMARY KEY (`id`);

--
-- Indexes for table `dome_images`
--
ALTER TABLE `dome_images`
  ADD PRIMARY KEY (`id`);

--
-- Indexes for table `enquiries`
--
ALTER TABLE `enquiries`
  ADD PRIMARY KEY (`id`);

--
-- Indexes for table `favourites`
--
ALTER TABLE `favourites`
  ADD PRIMARY KEY (`id`);

--
-- Indexes for table `fields`
--
ALTER TABLE `fields`
  ADD PRIMARY KEY (`id`);

--
-- Indexes for table `leagues`
--
ALTER TABLE `leagues`
  ADD PRIMARY KEY (`id`);

--
-- Indexes for table `migrations`
--
ALTER TABLE `migrations`
  ADD PRIMARY KEY (`id`);

--
-- Indexes for table `payment_gateways`
--
ALTER TABLE `payment_gateways`
  ADD PRIMARY KEY (`id`);

--
-- Indexes for table `reviews`
--
ALTER TABLE `reviews`
  ADD PRIMARY KEY (`id`);

--
-- Indexes for table `set_prices`
--
ALTER TABLE `set_prices`
  ADD PRIMARY KEY (`id`);

--
-- Indexes for table `set_prices_days_slots`
--
ALTER TABLE `set_prices_days_slots`
  ADD PRIMARY KEY (`id`),
  ADD KEY `set_prices_id_foreign` (`set_prices_id`);

--
-- Indexes for table `sports`
--
ALTER TABLE `sports`
  ADD PRIMARY KEY (`id`);

--
-- Indexes for table `transactions`
--
ALTER TABLE `transactions`
  ADD PRIMARY KEY (`id`);

--
-- Indexes for table `users`
--
ALTER TABLE `users`
  ADD PRIMARY KEY (`id`);

--
-- AUTO_INCREMENT for dumped tables
--

--
-- AUTO_INCREMENT for table `bookings`
--
ALTER TABLE `bookings`
  MODIFY `id` bigint(20) UNSIGNED NOT NULL AUTO_INCREMENT, AUTO_INCREMENT=63;

--
-- AUTO_INCREMENT for table `cms`
--
ALTER TABLE `cms`
  MODIFY `id` bigint(20) UNSIGNED NOT NULL AUTO_INCREMENT, AUTO_INCREMENT=3;

--
-- AUTO_INCREMENT for table `domes`
--
ALTER TABLE `domes`
  MODIFY `id` bigint(20) UNSIGNED NOT NULL AUTO_INCREMENT, AUTO_INCREMENT=48;

--
-- AUTO_INCREMENT for table `dome_images`
--
ALTER TABLE `dome_images`
  MODIFY `id` bigint(20) UNSIGNED NOT NULL AUTO_INCREMENT, AUTO_INCREMENT=40;

--
-- AUTO_INCREMENT for table `enquiries`
--
ALTER TABLE `enquiries`
  MODIFY `id` bigint(20) UNSIGNED NOT NULL AUTO_INCREMENT, AUTO_INCREMENT=5;

--
-- AUTO_INCREMENT for table `favourites`
--
ALTER TABLE `favourites`
  MODIFY `id` bigint(20) UNSIGNED NOT NULL AUTO_INCREMENT, AUTO_INCREMENT=99;

--
-- AUTO_INCREMENT for table `fields`
--
ALTER TABLE `fields`
  MODIFY `id` bigint(20) UNSIGNED NOT NULL AUTO_INCREMENT, AUTO_INCREMENT=25;

--
-- AUTO_INCREMENT for table `leagues`
--
ALTER TABLE `leagues`
  MODIFY `id` bigint(20) UNSIGNED NOT NULL AUTO_INCREMENT, AUTO_INCREMENT=22;

--
-- AUTO_INCREMENT for table `migrations`
--
ALTER TABLE `migrations`
  MODIFY `id` int(10) UNSIGNED NOT NULL AUTO_INCREMENT, AUTO_INCREMENT=17;

--
-- AUTO_INCREMENT for table `payment_gateways`
--
ALTER TABLE `payment_gateways`
  MODIFY `id` bigint(20) UNSIGNED NOT NULL AUTO_INCREMENT, AUTO_INCREMENT=2;

--
-- AUTO_INCREMENT for table `reviews`
--
ALTER TABLE `reviews`
  MODIFY `id` bigint(20) UNSIGNED NOT NULL AUTO_INCREMENT, AUTO_INCREMENT=201;

--
-- AUTO_INCREMENT for table `set_prices`
--
ALTER TABLE `set_prices`
  MODIFY `id` int(11) NOT NULL AUTO_INCREMENT, AUTO_INCREMENT=9;

--
-- AUTO_INCREMENT for table `set_prices_days_slots`
--
ALTER TABLE `set_prices_days_slots`
  MODIFY `id` int(11) NOT NULL AUTO_INCREMENT, AUTO_INCREMENT=44;

--
-- AUTO_INCREMENT for table `sports`
--
ALTER TABLE `sports`
  MODIFY `id` bigint(20) UNSIGNED NOT NULL AUTO_INCREMENT, AUTO_INCREMENT=11;

--
-- AUTO_INCREMENT for table `transactions`
--
ALTER TABLE `transactions`
  MODIFY `id` bigint(20) UNSIGNED NOT NULL AUTO_INCREMENT, AUTO_INCREMENT=501;

--
-- AUTO_INCREMENT for table `users`
--
ALTER TABLE `users`
  MODIFY `id` int(10) UNSIGNED NOT NULL AUTO_INCREMENT, AUTO_INCREMENT=123;
COMMIT;

/*!40101 SET CHARACTER_SET_CLIENT=@OLD_CHARACTER_SET_CLIENT */;
/*!40101 SET CHARACTER_SET_RESULTS=@OLD_CHARACTER_SET_RESULTS */;
/*!40101 SET COLLATION_CONNECTION=@OLD_COLLATION_CONNECTION */;
